"","Offspring","Date","Order","BirdID","Cohort"
"1",1,"12/09/2009",1,268,2009
"2",1,"12/09/2009",1,268,2009
"3",0,"12/09/2009",1,565,2009
"4",0,"12/09/2009",1,565,2009
"5",0,"19/09/2009",1,53,2009
"6",0,"19/09/2009",1,53,2009
"7",0,"22/09/2009",1,178,2009
"8",0,"22/09/2009",1,178,2009
"9",1,"22/09/2009",1,252,2009
"10",1,"22/09/2009",1,252,2009
"11",0,"23/09/2009",1,99,2009
"12",0,"23/09/2009",1,99,2009
"13",1,"23/09/2009",1,444,2009
"14",1,"23/09/2009",1,444,2009
"15",3,"23/09/2009",1,657,2009
"16",3,"23/09/2009",1,657,2009
"17",3,"25/09/2009",1,525,2009
"18",3,"25/09/2009",1,525,2009
"19",0,"26/09/2009",1,64,2009
"20",0,"26/09/2009",1,64,2009
"21",0,"26/09/2009",1,148,2009
"22",0,"26/09/2009",1,148,2009
"23",1,"26/09/2009",2,167,2009
"24",1,"26/09/2009",2,167,2009
"25",0,"26/09/2009",1,239,2009
"26",0,"26/09/2009",1,239,2009
"27",1,"26/09/2009",1,433,2009
"28",1,"26/09/2009",1,433,2009
"29",0,"27/09/2009",1,71,2009
"30",0,"27/09/2009",1,71,2009
"31",0,"27/09/2009",1,83,2009
"32",0,"27/09/2009",1,83,2009
"33",0,"27/09/2009",1,556,2009
"34",0,"27/09/2009",1,556,2009
"35",3,"28/09/2009",1,10,2009
"36",3,"28/09/2009",1,10,2009
"37",0,"28/09/2009",1,50,2009
"38",0,"28/09/2009",1,50,2009
"39",1,"28/09/2009",1,79,2009
"40",1,"28/09/2009",1,79,2009
"41",0,"28/09/2009",1,136,2009
"42",0,"28/09/2009",1,136,2009
"43",1,"30/09/2009",1,21,2009
"44",1,"30/09/2009",1,21,2009
"45",1,"1/10/2009",1,215,2009
"46",1,"1/10/2009",1,215,2009
"47",0,"1/10/2009",1,408,2009
"48",0,"1/10/2009",1,408,2009
"49",1,"2/10/2009",1,35,2009
"50",1,"2/10/2009",1,35,2009
"51",3,"2/10/2009",1,47,2009
"52",3,"2/10/2009",1,47,2009
"53",0,"2/10/2009",1,429,2009
"54",0,"2/10/2009",1,429,2009
"55",0,"4/10/2009",1,190,2009
"56",0,"4/10/2009",1,190,2009
"57",3,"4/10/2009",1,405,2009
"58",3,"4/10/2009",1,405,2009
"59",1,"4/10/2009",1,472,2009
"60",1,"4/10/2009",1,472,2009
"61",4,"5/10/2009",1,180,2009
"62",4,"5/10/2009",1,180,2009
"63",1,"5/10/2009",1,350,2009
"64",1,"5/10/2009",1,350,2009
"65",3,"6/10/2009",2,10,2009
"66",3,"6/10/2009",2,10,2009
"67",0,"6/10/2009",1,12,2009
"68",0,"6/10/2009",1,12,2009
"69",0,"6/10/2009",1,199,2009
"70",0,"6/10/2009",1,199,2009
"71",0,"6/10/2009",1,307,2009
"72",0,"6/10/2009",1,307,2009
"73",1,"6/10/2009",1,319,2009
"74",1,"6/10/2009",1,319,2009
"75",0,"7/10/2009",1,20,2009
"76",0,"7/10/2009",1,20,2009
"77",1,"7/10/2009",1,631,2009
"78",1,"7/10/2009",1,631,2009
"79",1,"8/10/2009",1,621,2009
"80",1,"8/10/2009",1,621,2009
"81",0,"9/10/2009",2,657,2009
"82",0,"9/10/2009",2,657,2009
"83",1,"10/10/2009",2,444,2009
"84",1,"10/10/2009",2,444,2009
"85",0,"10/10/2009",1,469,2009
"86",0,"10/10/2009",1,469,2009
"87",1,"11/10/2009",1,124,2009
"88",1,"11/10/2009",1,124,2009
"89",1,"11/10/2009",1,167,2009
"90",1,"11/10/2009",1,167,2009
"91",0,"11/10/2009",2,178,2009
"92",0,"11/10/2009",2,178,2009
"93",0,"11/10/2009",2,239,2009
"94",0,"11/10/2009",2,239,2009
"95",1,"11/10/2009",1,394,2009
"96",1,"11/10/2009",1,394,2009
"97",3,"12/10/2009",1,19,2009
"98",3,"12/10/2009",1,19,2009
"99",2,"12/10/2009",1,234,2009
"100",2,"12/10/2009",1,234,2009
"101",3,"13/10/2009",3,50,2009
"102",3,"13/10/2009",3,50,2009
"103",0,"13/10/2009",2,71,2009
"104",0,"13/10/2009",2,71,2009
"105",1,"16/10/2009",1,308,2009
"106",1,"16/10/2009",1,308,2009
"107",0,"16/10/2009",2,433,2009
"108",0,"16/10/2009",2,433,2009
"109",4,"16/10/2009",1,470,2009
"110",4,"16/10/2009",1,470,2009
"111",0,"16/10/2009",1,606,2009
"112",0,"16/10/2009",1,606,2009
"113",0,"16/10/2009",1,693,2009
"114",0,"16/10/2009",1,693,2009
"115",0,"19/10/2009",1,603,2009
"116",0,"19/10/2009",1,603,2009
"117",0,"20/10/2009",1,645,2009
"118",0,"20/10/2009",1,645,2009
"119",2,"22/10/2009",2,35,2009
"120",2,"22/10/2009",2,35,2009
"121",0,"22/10/2009",2,180,2009
"122",0,"22/10/2009",2,180,2009
"123",3,"23/10/2009",3,10,2009
"124",3,"23/10/2009",3,10,2009
"125",0,"23/10/2009",2,12,2009
"126",0,"23/10/2009",2,12,2009
"127",3,"23/10/2009",2,21,2009
"128",3,"23/10/2009",2,21,2009
"129",1,"23/10/2009",1,77,2009
"130",1,"23/10/2009",1,77,2009
"131",1,"23/10/2009",2,190,2009
"132",1,"23/10/2009",2,190,2009
"133",0,"23/10/2009",2,408,2009
"134",0,"23/10/2009",2,408,2009
"135",4,"23/10/2009",2,429,2009
"136",4,"23/10/2009",2,429,2009
"137",1,"23/10/2009",1,479,2009
"138",1,"23/10/2009",1,479,2009
"139",1,"24/10/2009",3,35,2009
"140",1,"24/10/2009",3,35,2009
"141",0,"24/10/2009",2,148,2009
"142",0,"24/10/2009",2,148,2009
"143",3,"24/10/2009",2,215,2009
"144",3,"24/10/2009",2,215,2009
"145",0,"24/10/2009",1,316,2009
"146",0,"24/10/2009",1,316,2009
"147",0,"24/10/2009",2,565,2009
"148",0,"24/10/2009",2,565,2009
"149",3,"25/10/2009",2,199,2009
"150",3,"25/10/2009",2,199,2009
"151",0,"25/10/2009",2,252,2009
"152",0,"25/10/2009",2,252,2009
"153",1,"25/10/2009",1,569,2009
"154",1,"25/10/2009",1,569,2009
"155",0,"26/10/2009",3,71,2009
"156",0,"26/10/2009",3,71,2009
"157",1,"26/10/2009",3,252,2009
"158",1,"26/10/2009",3,252,2009
"159",0,"26/10/2009",1,301,2009
"160",0,"26/10/2009",1,301,2009
"161",0,"26/10/2009",2,307,2009
"162",0,"26/10/2009",2,307,2009
"163",0,"28/10/2009",1,34,2009
"164",0,"28/10/2009",1,34,2009
"165",3,"28/10/2009",2,308,2009
"166",3,"28/10/2009",2,308,2009
"167",1,"29/10/2009",2,234,2009
"168",1,"29/10/2009",2,234,2009
"169",0,"29/10/2009",2,350,2009
"170",0,"29/10/2009",2,350,2009
"171",0,"30/10/2009",1,58,2009
"172",0,"30/10/2009",1,58,2009
"173",0,"31/10/2009",1,17,2009
"174",0,"31/10/2009",1,17,2009
"175",1,"31/10/2009",2,79,2009
"176",1,"31/10/2009",2,79,2009
"177",1,"1/11/2009",2,77,2009
"178",1,"1/11/2009",2,77,2009
"179",3,"1/11/2009",3,180,2009
"180",3,"1/11/2009",3,180,2009
"181",0,"1/11/2009",1,242,2009
"182",0,"1/11/2009",1,242,2009
"183",4,"2/11/2009",2,394,2009
"184",4,"2/11/2009",2,394,2009
"185",1,"2/11/2009",2,469,2009
"186",1,"2/11/2009",2,469,2009
"187",0,"3/11/2009",1,364,2009
"188",0,"3/11/2009",1,364,2009
"189",1,"4/11/2009",1,140,2009
"190",1,"4/11/2009",1,140,2009
"191",0,"4/11/2009",3,433,2009
"192",0,"4/11/2009",3,433,2009
"193",0,"4/11/2009",1,435,2009
"194",0,"4/11/2009",1,435,2009
"195",0,"4/11/2009",2,693,2009
"196",0,"4/11/2009",2,693,2009
"197",2,"5/11/2009",2,20,2009
"198",2,"5/11/2009",2,20,2009
"199",0,"5/11/2009",1,55,2009
"200",0,"5/11/2009",1,55,2009
"201",4,"5/11/2009",1,272,2009
"202",4,"5/11/2009",1,272,2009
"203",1,"5/11/2009",2,472,2009
"204",1,"5/11/2009",2,472,2009
"205",0,"5/11/2009",2,556,2009
"206",0,"5/11/2009",2,556,2009
"207",1,"5/11/2009",2,569,2009
"208",1,"5/11/2009",2,569,2009
"209",0,"6/11/2009",1,158,2009
"210",0,"6/11/2009",1,158,2009
"211",0,"7/11/2009",1,45,2009
"212",0,"7/11/2009",1,45,2009
"213",0,"7/11/2009",2,99,2009
"214",0,"7/11/2009",2,99,2009
"215",3,"7/11/2009",3,239,2009
"216",3,"7/11/2009",3,239,2009
"217",0,"7/11/2009",2,603,2009
"218",0,"7/11/2009",2,603,2009
"219",0,"7/11/2009",2,621,2009
"220",0,"7/11/2009",2,621,2009
"221",1,"8/11/2009",3,21,2009
"222",1,"8/11/2009",3,21,2009
"223",1,"8/11/2009",4,50,2009
"224",1,"8/11/2009",4,50,2009
"225",3,"8/11/2009",3,308,2009
"226",3,"8/11/2009",3,308,2009
"227",0,"8/11/2009",3,603,2009
"228",0,"8/11/2009",3,603,2009
"229",3,"9/11/2009",2,319,2009
"230",3,"9/11/2009",2,319,2009
"231",0,"9/11/2009",3,350,2009
"232",0,"9/11/2009",3,350,2009
"233",0,"9/11/2009",3,444,2009
"234",0,"9/11/2009",3,444,2009
"235",0,"9/11/2009",3,565,2009
"236",0,"9/11/2009",3,565,2009
"237",2,"9/11/2009",3,621,2009
"238",2,"9/11/2009",3,621,2009
"239",0,"10/11/2009",0,558,2009
"240",0,"10/11/2009",0,558,2009
"241",2,"10/11/2009",1,609,2009
"242",2,"10/11/2009",1,609,2009
"243",0,"11/11/2009",3,12,2009
"244",0,"11/11/2009",3,12,2009
"245",0,"11/11/2009",3,20,2009
"246",0,"11/11/2009",3,20,2009
"247",4,"12/11/2009",1,142,2009
"248",4,"12/11/2009",1,142,2009
"249",0,"13/11/2009",4,71,2009
"250",0,"13/11/2009",4,71,2009
"251",0,"13/11/2009",2,136,2009
"252",0,"13/11/2009",2,136,2009
"253",4,"13/11/2009",3,307,2009
"254",4,"13/11/2009",3,307,2009
"255",2,"13/11/2009",3,657,2009
"256",2,"13/11/2009",3,657,2009
"257",0,"15/11/2009",2,606,2009
"258",0,"15/11/2009",2,606,2009
"259",0,"16/11/2009",3,569,2009
"260",0,"16/11/2009",3,569,2009
"261",1,"17/11/2009",3,77,2009
"262",1,"17/11/2009",3,77,2009
"263",3,"17/11/2009",4,308,2009
"264",3,"17/11/2009",4,308,2009
"265",0,"18/11/2009",2,55,2009
"266",0,"18/11/2009",2,55,2009
"267",4,"18/11/2009",2,124,2009
"268",4,"18/11/2009",2,124,2009
"269",0,"18/11/2009",4,657,2009
"270",0,"18/11/2009",4,657,2009
"271",3,"19/11/2009",1,141,2009
"272",3,"19/11/2009",1,141,2009
"273",0,"21/11/2009",3,316,2009
"274",0,"21/11/2009",3,316,2009
"275",0,"22/11/2009",2,316,2009
"276",0,"22/11/2009",2,316,2009
"277",0,"22/11/2009",2,645,2009
"278",0,"22/11/2009",2,645,2009
"279",0,"23/11/2009",2,19,2009
"280",0,"23/11/2009",2,19,2009
"281",3,"23/11/2009",2,45,2009
"282",3,"23/11/2009",2,45,2009
"283",1,"23/11/2009",3,190,2009
"284",1,"23/11/2009",3,190,2009
"285",2,"23/11/2009",5,239,2009
"286",2,"23/11/2009",5,239,2009
"287",1,"24/11/2009",3,79,2009
"288",1,"24/11/2009",3,79,2009
"289",0,"24/11/2009",1,341,2009
"290",0,"24/11/2009",1,341,2009
"291",0,"24/11/2009",3,408,2009
"292",0,"24/11/2009",3,408,2009
"293",3,"24/11/2009",2,470,2009
"294",3,"24/11/2009",2,470,2009
"295",2,"24/11/2009",2,609,2009
"296",2,"24/11/2009",2,609,2009
"297",3,"25/11/2009",1,113,2009
"298",3,"25/11/2009",1,113,2009
"299",1,"25/11/2009",3,429,2009
"300",1,"25/11/2009",3,429,2009
"301",1,"26/11/2009",3,55,2009
"302",1,"26/11/2009",3,55,2009
"303",1,"26/11/2009",2,301,2009
"304",1,"26/11/2009",2,301,2009
"305",1,"28/11/2009",2,34,2009
"306",1,"28/11/2009",2,34,2009
"307",1,"28/11/2009",3,199,2009
"308",1,"28/11/2009",3,199,2009
"309",1,"28/11/2009",2,631,2009
"310",1,"28/11/2009",2,631,2009
"311",3,"30/11/2009",3,99,2009
"312",3,"30/11/2009",3,99,2009
"313",0,"30/11/2009",3,556,2009
"314",0,"30/11/2009",3,556,2009
"315",0,"1/12/2009",2,479,2009
"316",0,"1/12/2009",2,479,2009
"317",3,"1/12/2009",3,645,2009
"318",3,"1/12/2009",3,645,2009
"319",2,"2/12/2009",4,35,2009
"320",2,"2/12/2009",4,35,2009
"321",0,"2/12/2009",2,242,2009
"322",0,"2/12/2009",2,242,2009
"323",0,"2/12/2009",4,433,2009
"324",0,"2/12/2009",4,433,2009
"325",0,"3/12/2009",4,565,2009
"326",0,"3/12/2009",4,565,2009
"327",0,"4/12/2009",5,50,2009
"328",0,"4/12/2009",5,50,2009
"329",0,"4/12/2009",3,469,2009
"330",0,"4/12/2009",3,469,2009
"331",0,"5/12/2009",3,472,2009
"332",0,"5/12/2009",3,472,2009
"333",0,"5/12/2009",0,539,2009
"334",0,"5/12/2009",0,539,2009
"335",0,"6/12/2009",4,350,2009
"336",0,"6/12/2009",4,350,2009
"337",0,"6/12/2009",5,657,2009
"338",0,"6/12/2009",5,657,2009
"339",3,"7/12/2009",1,513,2009
"340",3,"7/12/2009",1,513,2009
"341",3,"7/12/2009",4,569,2009
"342",3,"7/12/2009",4,569,2009
"343",3,"8/12/2009",4,603,2009
"344",3,"8/12/2009",4,603,2009
"345",0,"9/12/2009",4,20,2009
"346",0,"9/12/2009",4,20,2009
"347",0,"9/12/2009",5,71,2009
"348",0,"9/12/2009",5,71,2009
"349",0,"9/12/2009",2,364,2009
"350",0,"9/12/2009",2,364,2009
"351",3,"9/12/2009",4,429,2009
"352",3,"9/12/2009",4,429,2009
"353",2,"10/12/2009",3,19,2009
"354",2,"10/12/2009",3,19,2009
"355",1,"10/12/2009",3,234,2009
"356",1,"10/12/2009",3,234,2009
"357",3,"10/12/2009",6,239,2009
"358",3,"10/12/2009",6,239,2009
"359",4,"10/12/2009",3,394,2009
"360",4,"10/12/2009",3,394,2009
"361",1,"11/12/2009",4,180,2009
"362",1,"11/12/2009",4,180,2009
"363",0,"11/12/2009",4,444,2009
"364",0,"11/12/2009",4,444,2009
"365",1,"12/12/2009",4,12,2009
"366",1,"12/12/2009",4,12,2009
"367",0,"12/12/2009",3,136,2009
"368",0,"12/12/2009",3,136,2009
"369",4,"12/12/2009",3,148,2009
"370",4,"12/12/2009",3,148,2009
"371",3,"13/12/2009",2,272,2009
"372",3,"13/12/2009",2,272,2009
"373",4,"13/12/2009",4,307,2009
"374",4,"13/12/2009",4,307,2009
"375",2,"13/12/2009",2,405,2009
"376",2,"13/12/2009",2,405,2009
"377",4,"14/12/2009",2,142,2009
"378",4,"14/12/2009",2,142,2009
"379",3,"14/12/2009",3,479,2009
"380",3,"14/12/2009",3,479,2009
"381",3,"15/12/2009",3,301,2009
"382",3,"15/12/2009",3,301,2009
"383",0,"16/12/2009",2,17,2009
"384",0,"16/12/2009",2,17,2009
"385",0,"18/12/2009",4,77,2009
"386",0,"18/12/2009",4,77,2009
"387",0,"18/12/2009",2,141,2009
"388",0,"18/12/2009",2,141,2009
"389",1,"19/12/2009",4,316,2009
"390",1,"19/12/2009",4,316,2009
"391",1,"19/12/2009",3,631,2009
"392",1,"19/12/2009",3,631,2009
"393",4,"20/12/2009",4,394,2009
"394",4,"20/12/2009",4,394,2009
"395",1,"20/12/2009",3,470,2009
"396",1,"20/12/2009",3,470,2009
"397",3,"21/12/2009",3,124,2009
"398",3,"21/12/2009",3,124,2009
"399",1,"21/12/2009",5,180,2009
"400",1,"21/12/2009",5,180,2009
"401",3,"21/12/2009",5,569,2009
"402",3,"21/12/2009",5,569,2009
"403",3,"22/12/2009",4,10,2009
"404",3,"22/12/2009",4,10,2009
"405",3,"24/12/2009",6,50,2009
"406",3,"24/12/2009",6,50,2009
"407",4,"25/12/2009",6,657,2009
"408",4,"25/12/2009",6,657,2009
"409",3,"26/12/2009",4,99,2009
"410",3,"26/12/2009",4,99,2009
"411",1,"26/12/2009",3,609,2009
"412",1,"26/12/2009",3,609,2009
"413",1,"27/12/2009",3,45,2009
"414",1,"27/12/2009",3,45,2009
"415",3,"28/12/2009",6,180,2009
"416",3,"28/12/2009",6,180,2009
"417",3,"29/12/2009",5,308,2009
"418",3,"29/12/2009",5,308,2009
"419",3,"30/12/2009",5,433,2009
"420",3,"30/12/2009",5,433,2009
"421",0,"1/01/2010",5,77,2009
"422",0,"1/01/2010",5,77,2009
"423",0,"1/01/2010",3,693,2009
"424",0,"1/01/2010",3,693,2009
"425",3,"2/01/2010",3,242,2009
"426",3,"2/01/2010",3,242,2009
"427",0,"4/01/2010",5,20,2009
"428",0,"4/01/2010",5,20,2009
"429",3,"4/01/2010",4,472,2009
"430",3,"4/01/2010",4,472,2009
"431",3,"4/01/2010",4,556,2009
"432",3,"4/01/2010",4,556,2009
"433",3,"5/01/2010",5,35,2009
"434",3,"5/01/2010",5,35,2009
"435",0,"6/01/2010",5,12,2009
"436",0,"6/01/2010",5,12,2009
"437",1,"6/01/2010",7,657,2009
"438",1,"6/01/2010",7,657,2009
"439",1,"9/01/2010",4,190,2009
"440",1,"9/01/2010",4,190,2009
"441",2,"10/01/2010",1,505,2009
"442",2,"10/01/2010",1,505,2009
"443",1,"12/01/2010",3,319,2009
"444",1,"12/01/2010",3,319,2009
"445",3,"15/01/2010",4,21,2009
"446",3,"15/01/2010",4,21,2009
"447",0,"15/01/2010",4,469,2009
"448",0,"15/01/2010",4,469,2009
"449",4,"16/01/2010",4,479,2009
"450",4,"16/01/2010",4,479,2009
"451",1,"23/01/2010",4,79,2009
"452",1,"23/01/2010",4,79,2009
"453",3,"28/01/2010",4,693,2009
"454",3,"28/01/2010",4,693,2009
"455",0,"24/02/2010",5,79,2009
"456",0,"24/02/2010",5,79,2009
"457",3,"1/03/2010",6,35,2009
"458",3,"1/03/2010",6,35,2009
"459",3,"2/09/2010",1,21,2010
"460",3,"2/09/2010",1,21,2010
"461",1,"12/09/2010",1,79,2010
"462",1,"12/09/2010",1,79,2010
"463",1,"15/09/2010",1,99,2010
"464",1,"15/09/2010",1,99,2010
"465",2,"15/09/2010",1,405,2010
"466",2,"15/09/2010",1,405,2010
"467",0,"17/09/2010",1,140,2010
"468",0,"17/09/2010",1,140,2010
"469",0,"18/09/2010",1,20,2010
"470",0,"18/09/2010",1,20,2010
"471",1,"19/09/2010",2,140,2010
"472",1,"19/09/2010",2,140,2010
"473",0,"20/09/2010",1,472,2010
"474",0,"20/09/2010",1,472,2010
"475",0,"21/09/2010",1,645,2010
"476",0,"21/09/2010",1,645,2010
"477",4,"22/09/2010",1,307,2010
"478",4,"22/09/2010",1,307,2010
"479",3,"25/09/2010",1,17,2010
"480",3,"25/09/2010",1,17,2010
"481",0,"25/09/2010",2,99,2010
"482",0,"25/09/2010",2,99,2010
"483",4,"25/09/2010",1,180,2010
"484",4,"25/09/2010",1,180,2010
"485",3,"27/09/2010",2,79,2010
"486",3,"27/09/2010",2,79,2010
"487",0,"28/09/2010",2,21,2010
"488",0,"28/09/2010",2,21,2010
"489",0,"28/09/2010",1,693,2010
"490",0,"28/09/2010",1,693,2010
"491",2,"29/09/2010",1,50,2010
"492",2,"29/09/2010",1,50,2010
"493",0,"30/09/2010",1,45,2010
"494",0,"30/09/2010",1,45,2010
"495",3,"30/09/2010",1,113,2010
"496",3,"30/09/2010",1,113,2010
"497",1,"30/09/2010",1,234,2010
"498",1,"30/09/2010",1,234,2010
"499",3,"30/09/2010",1,429,2010
"500",3,"30/09/2010",1,429,2010
"501",0,"30/09/2010",1,637,2010
"502",0,"30/09/2010",1,637,2010
"503",0,"30/09/2010",1,703,2010
"504",0,"30/09/2010",1,703,2010
"505",1,"1/10/2010",1,6,2010
"506",1,"1/10/2010",1,6,2010
"507",0,"1/10/2010",1,350,2010
"508",0,"1/10/2010",1,350,2010
"509",3,"2/10/2010",1,310,2010
"510",3,"2/10/2010",1,310,2010
"511",1,"2/10/2010",1,341,2010
"512",1,"2/10/2010",1,341,2010
"513",3,"2/10/2010",2,405,2010
"514",3,"2/10/2010",2,405,2010
"515",3,"2/10/2010",2,703,2010
"516",3,"2/10/2010",2,703,2010
"517",4,"3/10/2010",1,242,2010
"518",4,"3/10/2010",1,242,2010
"519",1,"3/10/2010",1,444,2010
"520",1,"3/10/2010",1,444,2010
"521",2,"4/10/2010",1,190,2010
"522",2,"4/10/2010",1,190,2010
"523",1,"4/10/2010",1,433,2010
"524",1,"4/10/2010",1,433,2010
"525",2,"4/10/2010",1,565,2010
"526",2,"4/10/2010",1,565,2010
"527",0,"5/10/2010",1,631,2010
"528",0,"5/10/2010",1,631,2010
"529",0,"6/10/2010",1,199,2010
"530",0,"6/10/2010",1,199,2010
"531",1,"6/10/2010",1,319,2010
"532",1,"6/10/2010",1,319,2010
"533",2,"6/10/2010",1,673,2010
"534",2,"6/10/2010",1,673,2010
"535",0,"7/10/2010",2,429,2010
"536",0,"7/10/2010",2,429,2010
"537",1,"7/10/2010",1,600,2010
"538",1,"7/10/2010",1,600,2010
"539",0,"7/10/2010",1,612,2010
"540",0,"7/10/2010",1,612,2010
"541",0,"7/10/2010",1,657,2010
"542",0,"7/10/2010",1,657,2010
"543",0,"7/10/2010",2,693,2010
"544",0,"7/10/2010",2,693,2010
"545",0,"8/10/2010",1,597,2010
"546",0,"8/10/2010",1,597,2010
"547",0,"8/10/2010",2,612,2010
"548",0,"8/10/2010",2,612,2010
"549",0,"9/10/2010",1,5,2010
"550",0,"9/10/2010",1,5,2010
"551",3,"9/10/2010",1,35,2010
"552",3,"9/10/2010",1,35,2010
"553",2,"9/10/2010",1,142,2010
"554",2,"9/10/2010",1,142,2010
"555",2,"10/10/2010",2,50,2010
"556",2,"10/10/2010",2,50,2010
"557",0,"10/10/2010",2,307,2010
"558",0,"10/10/2010",2,307,2010
"559",4,"10/10/2010",1,469,2010
"560",4,"10/10/2010",1,469,2010
"561",0,"10/10/2010",1,606,2010
"562",0,"10/10/2010",1,606,2010
"563",3,"11/10/2010",1,272,2010
"564",3,"11/10/2010",1,272,2010
"565",0,"11/10/2010",2,350,2010
"566",0,"11/10/2010",2,350,2010
"567",0,"12/10/2010",1,12,2010
"568",0,"12/10/2010",1,12,2010
"569",1,"12/10/2010",2,45,2010
"570",1,"12/10/2010",2,45,2010
"571",0,"12/10/2010",1,136,2010
"572",0,"12/10/2010",1,136,2010
"573",1,"12/10/2010",1,609,2010
"574",1,"12/10/2010",1,609,2010
"575",0,"12/10/2010",2,657,2010
"576",0,"12/10/2010",2,657,2010
"577",1,"13/10/2010",2,199,2010
"578",1,"13/10/2010",2,199,2010
"579",1,"13/10/2010",1,621,2010
"580",1,"13/10/2010",1,621,2010
"581",1,"14/10/2010",1,301,2010
"582",1,"14/10/2010",1,301,2010
"583",2,"15/10/2010",2,469,2010
"584",2,"15/10/2010",2,469,2010
"585",0,"16/10/2010",1,55,2010
"586",0,"16/10/2010",1,55,2010
"587",3,"16/10/2010",2,113,2010
"588",3,"16/10/2010",2,113,2010
"589",0,"16/10/2010",1,364,2010
"590",0,"16/10/2010",1,364,2010
"591",0,"17/10/2010",1,435,2010
"592",0,"17/10/2010",1,435,2010
"593",0,"17/10/2010",1,625,2010
"594",0,"17/10/2010",1,625,2010
"595",3,"19/10/2010",1,19,2010
"596",3,"19/10/2010",1,19,2010
"597",0,"19/10/2010",1,71,2010
"598",0,"19/10/2010",1,71,2010
"599",1,"19/10/2010",3,140,2010
"600",1,"19/10/2010",3,140,2010
"601",0,"20/10/2010",1,120,2010
"602",0,"20/10/2010",1,120,2010
"603",3,"20/10/2010",1,569,2010
"604",3,"20/10/2010",1,569,2010
"605",0,"21/10/2010",2,5,2010
"606",0,"21/10/2010",2,5,2010
"607",3,"21/10/2010",2,180,2010
"608",3,"21/10/2010",2,180,2010
"609",0,"21/10/2010",2,242,2010
"610",0,"21/10/2010",2,242,2010
"611",2,"21/10/2010",1,392,2010
"612",2,"21/10/2010",1,392,2010
"613",0,"21/10/2010",2,645,2010
"614",0,"21/10/2010",2,645,2010
"615",1,"22/10/2010",3,180,2010
"616",1,"22/10/2010",3,180,2010
"617",0,"23/10/2010",3,5,2010
"618",0,"23/10/2010",3,5,2010
"619",1,"23/10/2010",4,140,2010
"620",1,"23/10/2010",4,140,2010
"621",1,"23/10/2010",1,256,2010
"622",1,"23/10/2010",1,256,2010
"623",0,"23/10/2010",2,597,2010
"624",0,"23/10/2010",2,597,2010
"625",0,"23/10/2010",2,637,2010
"626",0,"23/10/2010",2,637,2010
"627",2,"24/10/2010",3,50,2010
"628",2,"24/10/2010",3,50,2010
"629",0,"25/10/2010",1,226,2010
"630",0,"25/10/2010",1,226,2010
"631",1,"25/10/2010",1,308,2010
"632",1,"25/10/2010",1,308,2010
"633",2,"25/10/2010",3,429,2010
"634",2,"25/10/2010",3,429,2010
"635",2,"25/10/2010",2,609,2010
"636",2,"25/10/2010",2,609,2010
"637",1,"25/10/2010",3,703,2010
"638",1,"25/10/2010",3,703,2010
"639",0,"26/10/2010",4,5,2010
"640",0,"26/10/2010",4,5,2010
"641",1,"26/10/2010",1,141,2010
"642",1,"26/10/2010",1,141,2010
"643",1,"26/10/2010",1,152,2010
"644",1,"26/10/2010",1,152,2010
"645",0,"26/10/2010",1,223,2010
"646",0,"26/10/2010",1,223,2010
"647",0,"27/10/2010",1,69,2010
"648",0,"27/10/2010",1,69,2010
"649",0,"27/10/2010",1,522,2010
"650",0,"27/10/2010",1,522,2010
"651",0,"27/10/2010",1,528,2010
"652",0,"27/10/2010",1,528,2010
"653",1,"27/10/2010",2,600,2010
"654",1,"27/10/2010",2,600,2010
"655",3,"28/10/2010",4,180,2010
"656",3,"28/10/2010",4,180,2010
"657",0,"28/10/2010",2,444,2010
"658",0,"28/10/2010",2,444,2010
"659",0,"28/10/2010",1,583,2010
"660",0,"28/10/2010",1,583,2010
"661",2,"29/10/2010",3,79,2010
"662",2,"29/10/2010",3,79,2010
"663",3,"29/10/2010",1,241,2010
"664",3,"29/10/2010",1,241,2010
"665",0,"29/10/2010",2,364,2010
"666",0,"29/10/2010",2,364,2010
"667",0,"30/10/2010",1,185,2010
"668",0,"30/10/2010",1,185,2010
"669",0,"30/10/2010",1,446,2010
"670",0,"30/10/2010",1,446,2010
"671",0,"30/10/2010",1,508,2010
"672",0,"30/10/2010",1,508,2010
"673",1,"30/10/2010",1,513,2010
"674",1,"30/10/2010",1,513,2010
"675",2,"30/10/2010",2,673,2010
"676",2,"30/10/2010",2,673,2010
"677",2,"31/10/2010",2,301,2010
"678",2,"31/10/2010",2,301,2010
"679",0,"31/10/2010",3,612,2010
"680",0,"31/10/2010",3,612,2010
"681",0,"1/11/2010",2,17,2010
"682",0,"1/11/2010",2,17,2010
"683",1,"1/11/2010",1,468,2010
"684",1,"1/11/2010",1,468,2010
"685",1,"2/11/2010",1,162,2010
"686",1,"2/11/2010",1,162,2010
"687",1,"2/11/2010",1,438,2010
"688",1,"2/11/2010",1,438,2010
"689",1,"3/11/2010",1,118,2010
"690",1,"3/11/2010",1,118,2010
"691",0,"3/11/2010",4,597,2010
"692",0,"3/11/2010",4,597,2010
"693",0,"3/11/2010",1,607,2010
"694",0,"3/11/2010",1,607,2010
"695",1,"4/11/2010",2,234,2010
"696",1,"4/11/2010",2,234,2010
"697",0,"4/11/2010",3,350,2010
"698",0,"4/11/2010",3,350,2010
"699",3,"4/11/2010",1,437,2010
"700",3,"4/11/2010",1,437,2010
"701",0,"4/11/2010",2,508,2010
"702",0,"4/11/2010",2,508,2010
"703",3,"4/11/2010",1,517,2010
"704",3,"4/11/2010",1,517,2010
"705",2,"5/11/2010",2,12,2010
"706",2,"5/11/2010",2,12,2010
"707",1,"5/11/2010",3,99,2010
"708",1,"5/11/2010",3,99,2010
"709",1,"5/11/2010",2,190,2010
"710",1,"5/11/2010",2,190,2010
"711",1,"6/11/2010",2,142,2010
"712",1,"6/11/2010",2,142,2010
"713",0,"6/11/2010",3,190,2010
"714",0,"6/11/2010",3,190,2010
"715",0,"6/11/2010",2,241,2010
"716",0,"6/11/2010",2,241,2010
"717",1,"7/11/2010",3,600,2010
"718",1,"7/11/2010",3,600,2010
"719",1,"7/11/2010",2,625,2010
"720",1,"7/11/2010",2,625,2010
"721",0,"7/11/2010",3,657,2010
"722",0,"7/11/2010",3,657,2010
"723",0,"8/11/2010",2,621,2010
"724",0,"8/11/2010",2,621,2010
"725",3,"9/11/2010",3,45,2010
"726",3,"9/11/2010",3,45,2010
"727",4,"9/11/2010",2,319,2010
"728",4,"9/11/2010",2,319,2010
"729",0,"9/11/2010",1,409,2010
"730",0,"9/11/2010",1,409,2010
"731",2,"10/11/2010",2,35,2010
"732",2,"10/11/2010",2,35,2010
"733",3,"10/11/2010",3,199,2010
"734",3,"10/11/2010",3,199,2010
"735",2,"10/11/2010",1,479,2010
"736",2,"10/11/2010",1,479,2010
"737",2,"10/11/2010",3,508,2010
"738",2,"10/11/2010",3,508,2010
"739",0,"10/11/2010",3,637,2010
"740",0,"10/11/2010",3,637,2010
"741",0,"12/11/2010",1,87,2010
"742",0,"12/11/2010",1,87,2010
"743",1,"12/11/2010",1,448,2010
"744",1,"12/11/2010",1,448,2010
"745",0,"12/11/2010",2,565,2010
"746",0,"12/11/2010",2,565,2010
"747",0,"12/11/2010",2,583,2010
"748",0,"12/11/2010",2,583,2010
"749",2,"12/11/2010",1,671,2010
"750",2,"12/11/2010",1,671,2010
"751",3,"13/11/2010",2,19,2010
"752",3,"13/11/2010",2,19,2010
"753",2,"13/11/2010",1,51,2010
"754",2,"13/11/2010",1,51,2010
"755",0,"13/11/2010",2,223,2010
"756",0,"13/11/2010",2,223,2010
"757",0,"14/11/2010",2,71,2010
"758",0,"14/11/2010",2,71,2010
"759",1,"14/11/2010",2,162,2010
"760",1,"14/11/2010",2,162,2010
"761",1,"14/11/2010",5,180,2010
"762",1,"14/11/2010",5,180,2010
"763",1,"15/11/2010",5,5,2010
"764",1,"15/11/2010",5,5,2010
"765",3,"15/11/2010",3,113,2010
"766",3,"15/11/2010",3,113,2010
"767",2,"15/11/2010",2,392,2010
"768",2,"15/11/2010",2,392,2010
"769",0,"15/11/2010",2,437,2010
"770",0,"15/11/2010",2,437,2010
"771",1,"15/11/2010",4,612,2010
"772",1,"15/11/2010",4,612,2010
"773",0,"16/11/2010",3,12,2010
"774",0,"16/11/2010",3,12,2010
"775",1,"16/11/2010",3,19,2010
"776",1,"16/11/2010",3,19,2010
"777",4,"16/11/2010",3,35,2010
"778",4,"16/11/2010",3,35,2010
"779",3,"16/11/2010",2,185,2010
"780",3,"16/11/2010",2,185,2010
"781",1,"16/11/2010",2,435,2010
"782",1,"16/11/2010",2,435,2010
"783",3,"16/11/2010",4,600,2010
"784",3,"16/11/2010",4,600,2010
"785",0,"18/11/2010",2,136,2010
"786",0,"18/11/2010",2,136,2010
"787",1,"18/11/2010",2,256,2010
"788",1,"18/11/2010",2,256,2010
"789",0,"18/11/2010",2,606,2010
"790",0,"18/11/2010",2,606,2010
"791",0,"18/11/2010",3,645,2010
"792",0,"18/11/2010",3,645,2010
"793",0,"19/11/2010",2,118,2010
"794",0,"19/11/2010",2,118,2010
"795",2,"19/11/2010",2,310,2010
"796",2,"19/11/2010",2,310,2010
"797",0,"20/11/2010",3,136,2010
"798",0,"20/11/2010",3,136,2010
"799",1,"21/11/2010",4,79,2010
"800",1,"21/11/2010",4,79,2010
"801",3,"21/11/2010",1,395,2010
"802",3,"21/11/2010",1,395,2010
"803",3,"21/11/2010",6,597,2010
"804",3,"21/11/2010",6,597,2010
"805",1,"21/11/2010",1,675,2010
"806",1,"21/11/2010",1,675,2010
"807",0,"22/11/2010",3,364,2010
"808",0,"22/11/2010",3,364,2010
"809",0,"23/11/2010",3,241,2010
"810",0,"23/11/2010",3,241,2010
"811",3,"23/11/2010",2,308,2010
"812",3,"23/11/2010",2,308,2010
"813",2,"23/11/2010",3,405,2010
"814",2,"23/11/2010",3,405,2010
"815",0,"23/11/2010",3,565,2010
"816",0,"23/11/2010",3,565,2010
"817",1,"24/11/2010",4,703,2010
"818",1,"24/11/2010",4,703,2010
"819",1,"25/11/2010",2,141,2010
"820",1,"25/11/2010",2,141,2010
"821",0,"25/11/2010",2,226,2010
"822",0,"25/11/2010",2,226,2010
"823",0,"25/11/2010",3,301,2010
"824",0,"25/11/2010",3,301,2010
"825",0,"25/11/2010",4,364,2010
"826",0,"25/11/2010",4,364,2010
"827",0,"25/11/2010",3,609,2010
"828",0,"25/11/2010",3,609,2010
"829",2,"26/11/2010",2,55,2010
"830",2,"26/11/2010",2,55,2010
"831",2,"26/11/2010",6,180,2010
"832",2,"26/11/2010",6,180,2010
"833",1,"27/11/2010",4,350,2010
"834",1,"27/11/2010",4,350,2010
"835",1,"27/11/2010",1,449,2010
"836",1,"27/11/2010",1,449,2010
"837",2,"28/11/2010",2,51,2010
"838",2,"28/11/2010",2,51,2010
"839",1,"28/11/2010",2,120,2010
"840",1,"28/11/2010",2,120,2010
"841",3,"28/11/2010",3,234,2010
"842",3,"28/11/2010",3,234,2010
"843",3,"28/11/2010",2,272,2010
"844",3,"28/11/2010",2,272,2010
"845",3,"29/11/2010",3,71,2010
"846",3,"29/11/2010",3,71,2010
"847",0,"29/11/2010",2,87,2010
"848",0,"29/11/2010",2,87,2010
"849",3,"29/11/2010",2,448,2010
"850",3,"29/11/2010",2,448,2010
"851",0,"30/11/2010",2,438,2010
"852",0,"30/11/2010",2,438,2010
"853",1,"30/11/2010",2,569,2010
"854",1,"30/11/2010",2,569,2010
"855",1,"30/11/2010",2,607,2010
"856",1,"30/11/2010",2,607,2010
"857",0,"30/11/2010",4,637,2010
"858",0,"30/11/2010",4,637,2010
"859",0,"1/12/2010",3,162,2010
"860",0,"2/12/2010",3,17,2010
"861",0,"2/12/2010",2,152,2010
"862",2,"2/12/2010",2,468,2010
"863",2,"4/12/2010",2,479,2010
"864",3,"6/12/2010",3,142,2010
"865",3,"7/12/2010",1,23,2010
"866",1,"7/12/2010",4,45,2010
"867",2,"7/12/2010",2,671,2010
"868",2,"7/12/2010",1,689,2010
"869",1,"8/12/2010",3,583,2010
"870",0,"9/12/2010",3,226,2010
"871",2,"9/12/2010",3,621,2010
"872",3,"10/12/2010",4,241,2010
"873",3,"10/12/2010",3,341,2010
"874",0,"10/12/2010",4,657,2010
"875",1,"11/12/2010",4,190,2010
"876",1,"11/12/2010",2,517,2010
"877",3,"12/12/2010",2,522,2010
"878",3,"12/12/2010",3,569,2010
"879",0,"12/12/2010",1,670,2010
"880",1,"13/12/2010",4,12,2010
"881",0,"13/12/2010",2,69,2010
"882",2,"13/12/2010",3,87,2010
"883",3,"13/12/2010",3,310,2010
"884",3,"13/12/2010",4,429,2010
"885",3,"13/12/2010",5,600,2010
"886",0,"14/12/2010",4,508,2010
"887",1,"15/12/2010",3,308,2010
"888",0,"15/12/2010",3,435,2010
"889",3,"15/12/2010",4,645,2010
"890",1,"15/12/2010",3,673,2010
"891",0,"16/12/2010",6,5,2010
"892",0,"16/12/2010",3,185,2010
"893",3,"16/12/2010",1,291,2010
"894",0,"16/12/2010",3,438,2010
"895",2,"17/12/2010",5,50,2010
"896",3,"17/12/2010",4,310,2010
"897",0,"17/12/2010",3,468,2010
"898",3,"17/12/2010",4,569,2010
"899",3,"18/12/2010",4,113,2010
"900",0,"18/12/2010",5,364,2010
"901",2,"18/12/2010",4,405,2010
"902",2,"19/12/2010",5,79,2010
"903",1,"19/12/2010",4,301,2010
"904",3,"19/12/2010",2,409,2010
"905",0,"19/12/2010",2,446,2010
"906",0,"19/12/2010",7,597,2010
"907",2,"20/12/2010",3,437,2010
"908",1,"20/12/2010",2,528,2010
"909",0,"21/12/2010",3,55,2010
"910",2,"21/12/2010",3,118,2010
"911",0,"21/12/2010",4,565,2010
"912",1,"21/12/2010",4,609,2010
"913",3,"22/12/2010",4,142,2010
"914",3,"22/12/2010",4,199,2010
"915",0,"22/12/2010",3,625,2010
"916",3,"23/12/2010",3,223,2010
"917",3,"24/12/2010",4,87,2010
"918",1,"24/12/2010",1,280,2010
"919",2,"25/12/2010",3,51,2010
"920",0,"25/12/2010",3,69,2010
"921",0,"25/12/2010",3,120,2010
"922",1,"26/12/2010",5,87,2010
"923",1,"26/12/2010",4,234,2010
"924",0,"27/12/2010",4,435,2010
"925",0,"27/12/2010",5,637,2010
"926",2,"28/12/2010",4,99,2010
"927",3,"28/12/2010",3,272,2010
"928",1,"28/12/2010",3,607,2010
"929",1,"29/12/2010",4,51,2010
"930",0,"29/12/2010",4,438,2010
"931",0,"31/12/2010",8,597,2010
"932",1,"1/01/2011",4,71,2010
"933",1,"1/01/2011",3,141,2010
"934",3,"2/01/2011",3,319,2010
"935",4,"5/01/2011",2,395,2010
"936",1,"5/01/2011",5,438,2010
"937",2,"5/01/2011",3,479,2010
"938",1,"9/01/2011",4,69,2010
"939",2,"9/01/2011",4,136,2010
"940",1,"10/01/2011",6,50,2010
"941",4,"10/01/2011",5,142,2010
"942",1,"10/01/2011",5,350,2010
"943",4,"10/01/2011",5,569,2010
"944",3,"11/01/2011",5,429,2010
"945",2,"11/01/2011",3,606,2010
"946",0,"11/01/2011",5,657,2010
"947",1,"11/01/2011",3,671,2010
"948",4,"12/01/2011",2,291,2010
"949",1,"12/01/2011",4,308,2010
"950",1,"12/01/2011",5,508,2010
"951",3,"13/01/2011",5,12,2010
"952",0,"13/01/2011",0,169,2010
"953",0,"13/01/2011",3,522,2010
"954",3,"13/01/2011",4,607,2010
"955",1,"14/01/2011",6,79,2010
"956",2,"14/01/2011",7,79,2010
"957",3,"14/01/2011",5,234,2010
"958",0,"14/01/2011",4,522,2010
"959",3,"14/01/2011",4,621,2010
"960",3,"14/01/2011",2,689,2010
"961",1,"14/01/2011",5,703,2010
"962",1,"15/01/2011",5,565,2010
"963",3,"15/01/2011",5,609,2010
"964",0,"16/01/2011",9,597,2010
"965",2,"16/01/2011",2,670,2010
"966",0,"18/01/2011",4,625,2010
"967",1,"21/01/2011",3,409,2010
"968",3,"22/01/2011",6,142,2010
"969",2,"22/01/2011",4,185,2010
"970",3,"22/01/2011",3,395,2010
"971",0,"25/01/2011",5,435,2010
"972",0,"26/01/2011",4,17,2010
"973",3,"26/01/2011",5,310,2010
"974",2,"27/01/2011",7,50,2010
"975",0,"28/01/2011",4,55,2010
"976",4,"28/01/2011",3,291,2010
"977",3,"29/01/2011",6,600,2010
"978",3,"30/01/2011",5,301,2010
"979",3,"31/01/2011",5,621,2010
"980",3,"1/02/2011",5,17,2010
"981",1,"1/02/2011",4,479,2010
"982",4,"2/02/2011",4,291,2010
"983",2,"7/02/2011",6,657,2010
"984",2,"8/02/2011",8,79,2010
"985",1,"8/02/2011",5,645,2010
"986",0,"9/02/2011",6,234,2010
"987",3,"9/02/2011",6,435,2010
"988",2,"9/02/2011",4,606,2010
"989",1,"10/02/2011",5,522,2010
"990",1,"12/02/2011",5,607,2010
"991",4,"13/02/2011",6,569,2010
"992",3,"13/02/2011",6,621,2010
"993",3,"14/02/2011",5,308,2010
"994",3,"14/02/2011",6,508,2010
"995",0,"15/02/2011",4,141,2010
"996",4,"15/02/2011",4,341,2010
"997",3,"16/02/2011",2,23,2010
"998",0,"16/02/2011",6,565,2010
"999",1,"17/02/2011",7,5,2010
"1000",2,"25/02/2011",7,508,2010
"1001",1,"3/03/2011",8,5,2010
"1002",3,"3/03/2011",6,609,2010
"1003",3,"28/09/2011",1,405,2011
"1004",3,"28/09/2011",1,448,2011
"1005",0,"29/09/2011",1,645,2011
"1006",2,"1/10/2011",1,272,2011
"1007",0,"2/10/2011",1,657,2011
"1008",0,"5/10/2011",1,12,2011
"1009",2,"5/10/2011",1,569,2011
"1010",0,"6/10/2011",1,5,2011
"1011",0,"6/10/2011",1,17,2011
"1012",3,"7/10/2011",1,310,2011
"1013",0,"8/10/2011",1,435,2011
"1014",0,"9/10/2011",1,565,2011
"1015",3,"14/10/2011",1,51,2011
"1016",0,"14/10/2011",1,409,2011
"1017",4,"14/10/2011",2,645,2011
"1018",0,"17/10/2011",1,522,2011
"1019",0,"18/10/2011",1,234,2011
"1020",0,"18/10/2011",1,541,2011
"1021",0,"19/10/2011",2,17,2011
"1022",0,"19/10/2011",1,87,2011
"1023",3,"19/10/2011",1,325,2011
"1024",1,"19/10/2011",1,607,2011
"1025",0,"19/10/2011",3,645,2011
"1026",0,"20/10/2011",1,136,2011
"1027",3,"20/10/2011",1,177,2011
"1028",1,"20/10/2011",2,405,2011
"1029",1,"20/10/2011",1,673,2011
"1030",2,"22/10/2011",1,223,2011
"1031",2,"22/10/2011",1,451,2011
"1032",0,"22/10/2011",1,508,2011
"1033",3,"22/10/2011",1,512,2011
"1034",0,"22/10/2011",1,517,2011
"1035",2,"23/10/2011",1,142,2011
"1036",0,"23/10/2011",2,272,2011
"1037",1,"23/10/2011",1,485,2011
"1038",0,"24/10/2011",1,55,2011
"1039",0,"24/10/2011",1,97,2011
"1040",3,"24/10/2011",1,296,2011
"1041",0,"25/10/2011",1,249,2011
"1042",2,"25/10/2011",1,347,2011
"1043",1,"25/10/2011",2,409,2011
"1044",0,"25/10/2011",1,429,2011
"1045",1,"25/10/2011",1,649,2011
"1046",1,"25/10/2011",1,651,2011
"1047",1,"26/10/2011",1,245,2011
"1048",1,"26/10/2011",1,291,2011
"1049",1,"26/10/2011",1,689,2011
"1050",0,"27/10/2011",1,154,2011
"1051",1,"27/10/2011",1,438,2011
"1052",3,"27/10/2011",2,448,2011
"1053",1,"28/10/2011",1,33,2011
"1054",0,"28/10/2011",1,494,2011
"1055",0,"28/10/2011",1,583,2011
"1056",2,"28/10/2011",1,675,2011
"1057",1,"30/10/2011",1,71,2011
"1058",1,"1/11/2011",2,291,2011
"1059",0,"1/11/2011",2,657,2011
"1060",0,"1/11/2011",1,678,2011
"1061",3,"2/11/2011",1,278,2011
"1062",0,"2/11/2011",1,523,2011
"1063",0,"2/11/2011",1,594,2011
"1064",0,"3/11/2011",1,277,2011
"1065",0,"3/11/2011",1,290,2011
"1066",0,"3/11/2011",3,409,2011
"1067",3,"4/11/2011",1,218,2011
"1068",1,"4/11/2011",1,602,2011
"1069",1,"6/11/2011",2,87,2011
"1070",2,"6/11/2011",2,322,2011
"1071",0,"7/11/2011",1,210,2011
"1072",2,"7/11/2011",2,245,2011
"1073",1,"7/11/2011",1,507,2011
"1074",0,"7/11/2011",1,532,2011
"1075",0,"8/11/2011",2,5,2011
"1076",3,"8/11/2011",1,614,2011
"1077",0,"9/11/2011",3,87,2011
"1078",0,"9/11/2011",2,438,2011
"1079",0,"10/11/2011",3,17,2011
"1080",1,"10/11/2011",1,479,2011
"1081",1,"10/11/2011",2,485,2011
"1082",2,"11/11/2011",1,237,2011
"1083",1,"11/11/2011",2,310,2011
"1084",0,"11/11/2011",1,670,2011
"1085",2,"11/11/2011",2,673,2011
"1086",1,"12/11/2011",2,97,2011
"1087",1,"12/11/2011",2,494,2011
"1088",1,"13/11/2011",2,33,2011
"1089",1,"13/11/2011",2,512,2011
"1090",1,"13/11/2011",2,602,2011
"1091",0,"14/11/2011",1,695,2011
"1092",3,"15/11/2011",2,435,2011
"1093",0,"15/11/2011",1,550,2011
"1094",0,"16/11/2011",1,120,2011
"1095",2,"16/11/2011",1,395,2011
"1096",2,"16/11/2011",5,645,2011
"1097",3,"16/11/2011",4,645,2011
"1098",0,"17/11/2011",1,39,2011
"1099",0,"17/11/2011",1,63,2011
"1100",0,"17/11/2011",2,142,2011
"1101",1,"17/11/2011",3,272,2011
"1102",1,"17/11/2011",1,624,2011
"1103",1,"18/11/2011",1,452,2011
"1104",1,"18/11/2011",2,569,2011
"1105",3,"18/11/2011",1,682,2011
"1106",1,"19/11/2011",1,116,2011
"1107",2,"19/11/2011",2,583,2011
"1108",0,"20/11/2011",2,12,2011
"1109",0,"20/11/2011",1,23,2011
"1110",0,"20/11/2011",1,267,2011
"1111",3,"20/11/2011",1,447,2011
"1112",1,"20/11/2011",2,508,2011
"1113",1,"21/11/2011",2,624,2011
"1114",0,"23/11/2011",3,249,2011
"1115",2,"23/11/2011",1,330,2011
"1116",1,"23/11/2011",2,541,2011
"1117",1,"24/11/2011",2,263,2011
"1118",0,"24/11/2011",3,435,2011
"1119",2,"24/11/2011",2,682,2011
"1120",0,"25/11/2011",4,87,2011
"1121",0,"25/11/2011",3,97,2011
"1122",2,"26/11/2011",2,154,2011
"1123",1,"26/11/2011",2,249,2011
"1124",1,"27/11/2011",2,522,2011
"1125",0,"28/11/2011",2,223,2011
"1126",2,"28/11/2011",2,429,2011
"1127",2,"29/11/2011",3,405,2011
"1128",2,"29/11/2011",2,447,2011
"1129",1,"30/11/2011",2,237,2011
"1130",1,"30/11/2011",2,479,2011
"1131",3,"1/12/2011",3,291,2011
"1132",2,"2/12/2011",2,51,2011
"1133",0,"2/12/2011",2,523,2011
"1134",3,"3/12/2011",2,325,2011
"1135",0,"3/12/2011",2,678,2011
"1136",0,"5/12/2011",3,448,2011
"1137",4,"5/12/2011",3,678,2011
"1138",1,"6/12/2011",2,507,2011
"1139",0,"7/12/2011",3,12,2011
"1140",2,"7/12/2011",4,272,2011
"1141",3,"8/12/2011",3,657,2011
"1142",1,"8/12/2011",2,689,2011
"1143",1,"9/12/2011",3,33,2011
"1144",1,"9/12/2011",2,39,2011
"1145",1,"9/12/2011",3,322,2011
"1146",2,"9/12/2011",1,672,2011
"1147",1,"10/12/2011",3,5,2011
"1148",0,"10/12/2011",5,87,2011
"1149",0,"10/12/2011",1,471,2011
"1150",2,"10/12/2011",3,485,2011
"1151",1,"10/12/2011",2,607,2011
"1152",0,"11/12/2011",4,12,2011
"1153",1,"11/12/2011",1,138,2011
"1154",2,"11/12/2011",3,263,2011
"1155",2,"11/12/2011",1,378,2011
"1156",4,"11/12/2011",1,391,2011
"1157",0,"11/12/2011",3,479,2011
"1158",3,"11/12/2011",2,517,2011
"1159",0,"12/12/2011",4,5,2011
"1160",0,"12/12/2011",3,682,2011
"1161",3,"13/12/2011",2,71,2011
"1162",1,"13/12/2011",2,217,2011
"1163",1,"13/12/2011",3,508,2011
"1164",2,"13/12/2011",3,689,2011
"1165",1,"14/12/2011",2,55,2011
"1166",3,"14/12/2011",5,448,2011
"1167",3,"14/12/2011",6,645,2011
"1168",0,"14/12/2011",2,651,2011
"1169",2,"15/12/2011",3,438,2011
"1170",1,"16/12/2011",3,602,2011
"1171",3,"16/12/2011",2,614,2011
"1172",3,"16/12/2011",4,657,2011
"1173",3,"17/12/2011",4,448,2011
"1174",1,"17/12/2011",1,590,2011
"1175",2,"17/12/2011",2,594,2011
"1176",3,"18/12/2011",3,237,2011
"1177",4,"18/12/2011",5,272,2011
"1178",3,"18/12/2011",2,278,2011
"1179",1,"18/12/2011",1,526,2011
"1180",1,"21/12/2011",2,395,2011
"1181",4,"21/12/2011",4,435,2011
"1182",3,"21/12/2011",3,569,2011
"1183",3,"21/12/2011",5,657,2011
"1184",2,"21/12/2011",2,672,2011
"1185",0,"22/12/2011",2,138,2011
"1186",1,"22/12/2011",3,507,2011
"1187",0,"23/12/2011",2,451,2011
"1188",0,"24/12/2011",4,508,2011
"1189",2,"25/12/2011",4,237,2011
"1190",3,"26/12/2011",2,234,2011
"1191",0,"26/12/2011",1,554,2011
"1192",2,"28/12/2011",0,48,2011
"1193",1,"28/12/2011",4,405,2011
"1194",1,"28/12/2011",4,485,2011
"1195",4,"29/12/2011",3,517,2011
"1196",0,"31/12/2011",4,33,2011
"1197",3,"1/01/2012",3,325,2011
"1198",4,"1/01/2012",2,391,2011
"1199",2,"1/01/2012",4,438,2011
"1200",3,"1/01/2012",6,657,2011
"1201",1,"2/01/2012",3,71,2011
"1202",0,"3/01/2012",6,87,2011
"1203",3,"3/01/2012",2,296,2011
"1204",1,"5/01/2012",4,325,2011
"1205",1,"5/01/2012",4,602,2011
"1206",3,"6/01/2012",2,675,2011
"1207",3,"8/01/2012",4,263,2011
"1208",4,"8/01/2012",5,435,2011
"1209",3,"8/01/2012",3,607,2011
"1210",2,"9/01/2012",5,405,2011
"1211",3,"10/01/2012",2,23,2011
"1212",3,"12/01/2012",3,522,2011
"1213",2,"14/01/2012",3,672,2011
"1214",3,"16/01/2012",4,322,2011
"1215",1,"17/01/2012",4,55,2011
"1216",1,"17/01/2012",3,523,2011
"1217",3,"18/01/2012",4,17,2011
"1218",2,"22/01/2012",3,234,2011
"1219",0,"22/01/2012",2,554,2011
"1220",4,"24/01/2012",3,391,2011
"1221",3,"24/01/2012",7,657,2011
"1222",3,"25/01/2012",3,429,2011
"1223",1,"3/02/2012",5,672,2011
"1224",4,"12/02/2012",2,109,2011
"1225",3,"16/02/2012",6,405,2011
"1226",4,"23/02/2012",6,272,2011
"1227",0,"18/09/2012",1,17,2012
"1228",3,"21/09/2012",1,569,2012
"1229",1,"23/09/2012",1,526,2012
"1230",1,"25/09/2012",1,245,2012
"1231",0,"26/09/2012",1,554,2012
"1232",1,"27/09/2012",1,97,2012
"1233",1,"27/09/2012",2,569,2012
"1234",1,"28/09/2012",1,614,2012
"1235",2,"30/09/2012",1,471,2012
"1236",2,"3/10/2012",1,522,2012
"1237",1,"3/10/2012",1,645,2012
"1238",1,"3/10/2012",1,651,2012
"1239",4,"3/10/2012",1,657,2012
"1240",1,"5/10/2012",1,592,2012
"1241",1,"6/10/2012",1,507,2012
"1242",2,"7/10/2012",1,222,2012
"1243",3,"9/10/2012",3,569,2012
"1244",0,"9/10/2012",1,594,2012
"1245",0,"10/10/2012",1,517,2012
"1246",0,"11/10/2012",1,115,2012
"1247",0,"11/10/2012",1,272,2012
"1248",2,"11/10/2012",1,607,2012
"1249",3,"12/10/2012",1,51,2012
"1250",1,"12/10/2012",1,68,2012
"1251",0,"12/10/2012",1,217,2012
"1252",2,"12/10/2012",1,243,2012
"1253",3,"12/10/2012",1,448,2012
"1254",0,"12/10/2012",1,561,2012
"1255",0,"12/10/2012",1,670,2012
"1256",0,"13/10/2012",1,296,2012
"1257",1,"13/10/2012",1,532,2012
"1258",0,"14/10/2012",1,5,2012
"1259",0,"15/10/2012",1,138,2012
"1260",3,"15/10/2012",2,222,2012
"1261",1,"15/10/2012",1,395,2012
"1262",1,"15/10/2012",1,452,2012
"1263",1,"17/10/2012",1,249,2012
"1264",0,"17/10/2012",2,526,2012
"1265",0,"19/10/2012",1,424,2012
"1266",0,"19/10/2012",1,435,2012
"1267",0,"19/10/2012",1,593,2012
"1268",3,"20/10/2012",1,129,2012
"1269",0,"22/10/2012",1,12,2012
"1270",0,"22/10/2012",2,554,2012
"1271",1,"23/10/2012",2,68,2012
"1272",0,"23/10/2012",1,154,2012
"1273",2,"23/10/2012",1,234,2012
"1274",0,"24/10/2012",1,332,2012
"1275",0,"24/10/2012",1,332,2012
"1276",3,"24/10/2012",2,448,2012
"1277",3,"24/10/2012",1,675,2012
"1278",2,"25/10/2012",1,447,2012
"1279",0,"25/10/2012",1,494,2012
"1280",4,"25/10/2012",2,657,2012
"1281",4,"26/10/2012",1,489,2012
"1282",2,"26/10/2012",1,498,2012
"1283",0,"26/10/2012",2,507,2012
"1284",0,"26/10/2012",2,561,2012
"1285",1,"27/10/2012",1,191,2012
"1286",1,"27/10/2012",1,253,2012
"1287",0,"27/10/2012",2,424,2012
"1288",1,"27/10/2012",1,487,2012
"1289",1,"27/10/2012",1,584,2012
"1290",1,"28/10/2012",1,508,2012
"1291",1,"28/10/2012",1,543,2012
"1292",0,"28/10/2012",2,593,2012
"1293",0,"29/10/2012",1,376,2012
"1294",2,"30/10/2012",1,380,2012
"1295",2,"30/10/2012",1,420,2012
"1296",3,"31/10/2012",1,358,2012
"1297",0,"31/10/2012",3,507,2012
"1298",3,"31/10/2012",2,645,2012
"1299",0,"31/10/2012",1,682,2012
"1300",1,"31/10/2012",1,689,2012
"1301",0,"1/11/2012",1,546,2012
"1302",1,"2/11/2012",1,332,2012
"1303",1,"2/11/2012",1,332,2012
"1304",2,"2/11/2012",1,405,2012
"1305",1,"2/11/2012",2,532,2012
"1306",2,"2/11/2012",0,592,2012
"1307",1,"3/11/2012",2,5,2012
"1308",1,"3/11/2012",1,378,2012
"1309",1,"3/11/2012",3,526,2012
"1310",1,"4/11/2012",2,522,2012
"1311",2,"4/11/2012",2,670,2012
"1312",2,"5/11/2012",1,248,2012
"1313",0,"5/11/2012",2,471,2012
"1314",0,"5/11/2012",3,561,2012
"1315",0,"6/11/2012",2,12,2012
"1316",1,"6/11/2012",2,115,2012
"1317",4,"6/11/2012",1,220,2012
"1318",0,"6/11/2012",1,548,2012
"1319",1,"6/11/2012",1,571,2012
"1320",0,"6/11/2012",1,624,2012
"1321",1,"6/11/2012",3,645,2012
"1322",1,"6/11/2012",1,650,2012
"1323",0,"7/11/2012",2,217,2012
"1324",2,"7/11/2012",3,222,2012
"1325",2,"7/11/2012",2,447,2012
"1326",1,"8/11/2012",3,448,2012
"1327",1,"9/11/2012",2,97,2012
"1328",4,"9/11/2012",2,129,2012
"1329",0,"9/11/2012",2,154,2012
"1330",0,"9/11/2012",2,435,2012
"1331",0,"9/11/2012",1,485,2012
"1332",1,"9/11/2012",2,489,2012
"1333",1,"9/11/2012",2,614,2012
"1334",1,"10/11/2012",2,376,2012
"1335",1,"10/11/2012",2,451,2012
"1336",0,"10/11/2012",2,498,2012
"1337",1,"10/11/2012",2,508,2012
"1338",1,"11/11/2012",3,5,2012
"1339",2,"11/11/2012",1,40,2012
"1340",3,"11/11/2012",1,440,2012
"1341",0,"11/11/2012",1,586,2012
"1342",1,"11/11/2012",3,593,2012
"1343",2,"12/11/2012",3,424,2012
"1344",2,"12/11/2012",2,517,2012
"1345",1,"12/11/2012",2,689,2012
"1346",2,"13/11/2012",4,222,2012
"1347",1,"13/11/2012",2,332,2012
"1348",1,"13/11/2012",2,332,2012
"1349",2,"13/11/2012",3,435,2012
"1350",1,"13/11/2012",2,487,2012
"1351",2,"13/11/2012",4,569,2012
"1352",3,"13/11/2012",2,675,2012
"1353",3,"14/11/2012",1,379,2012
"1354",2,"15/11/2012",1,500,2012
"1355",1,"15/11/2012",2,624,2012
"1356",1,"16/11/2012",2,220,2012
"1357",1,"16/11/2012",2,405,2012
"1358",1,"16/11/2012",2,546,2012
"1359",3,"17/11/2012",2,395,2012
"1360",1,"17/11/2012",1,550,2012
"1361",2,"17/11/2012",2,594,2012
"1362",0,"18/11/2012",2,17,2012
"1363",1,"18/11/2012",2,248,2012
"1364",1,"18/11/2012",2,650,2012
"1365",4,"18/11/2012",1,678,2012
"1366",2,"19/11/2012",3,154,2012
"1367",0,"19/11/2012",1,384,2012
"1368",2,"19/11/2012",3,532,2012
"1369",0,"19/11/2012",2,678,2012
"1370",1,"19/11/2012",2,682,2012
"1371",3,"20/11/2012",2,571,2012
"1372",2,"20/11/2012",3,594,2012
"1373",1,"21/11/2012",2,452,2012
"1374",3,"22/11/2012",2,379,2012
"1375",2,"22/11/2012",2,440,2012
"1376",2,"22/11/2012",1,653,2012
"1377",1,"24/11/2012",1,320,2012
"1378",3,"24/11/2012",3,498,2012
"1379",3,"25/11/2012",4,498,2012
"1380",1,"27/11/2012",3,554,2012
"1381",3,"28/11/2012",2,51,2012
"1382",0,"28/11/2012",3,670,2012
"1383",2,"29/11/2012",2,296,2012
"1384",2,"29/11/2012",4,508,2012
"1385",1,"30/11/2012",2,191,2012
"1386",2,"30/11/2012",2,244,2012
"1387",3,"30/11/2012",2,253,2012
"1388",1,"30/11/2012",2,272,2012
"1389",2,"1/12/2012",3,68,2012
"1390",2,"1/12/2012",1,547,2012
"1391",4,"1/12/2012",4,645,2012
"1392",0,"2/12/2012",3,12,2012
"1393",0,"2/12/2012",2,503,2012
"1394",1,"2/12/2012",3,650,2012
"1395",2,"2/12/2012",2,653,2012
"1396",3,"3/12/2012",3,17,2012
"1397",2,"3/12/2012",2,380,2012
"1398",3,"4/12/2012",2,358,2012
"1399",2,"4/12/2012",2,548,2012
"1400",1,"6/12/2012",3,115,2012
"1401",1,"6/12/2012",2,234,2012
"1402",2,"6/12/2012",1,257,2012
"1403",3,"6/12/2012",3,405,2012
"1404",2,"6/12/2012",3,522,2012
"1405",2,"6/12/2012",2,673,2012
"1406",2,"7/12/2012",2,138,2012
"1407",1,"7/12/2012",3,220,2012
"1408",3,"7/12/2012",2,420,2012
"1409",2,"7/12/2012",4,561,2012
"1410",2,"7/12/2012",3,675,2012
"1411",0,"8/12/2012",5,498,2012
"1412",1,"8/12/2012",4,507,2012
"1413",1,"8/12/2012",3,624,2012
"1414",0,"10/12/2012",4,220,2012
"1415",2,"12/12/2012",3,517,2012
"1416",2,"12/12/2012",4,526,2012
"1417",2,"14/12/2012",4,405,2012
"1418",2,"14/12/2012",3,682,2012
"1419",3,"15/12/2012",1,339,2012
"1420",1,"15/12/2012",3,614,2012
"1421",1,"16/12/2012",2,494,2012
"1422",4,"19/12/2012",1,194,2012
"1423",2,"19/12/2012",3,494,2012
"1424",1,"20/12/2012",2,550,2012
"1425",1,"22/12/2012",2,378,2012
"1426",3,"22/12/2012",3,440,2012
"1427",2,"23/12/2012",2,384,2012
"1428",2,"23/12/2012",3,451,2012
"1429",1,"23/12/2012",4,675,2012
"1430",3,"25/12/2012",3,420,2012
"1431",4,"26/12/2012",3,51,2012
"1432",3,"26/12/2012",5,220,2012
"1433",2,"27/12/2012",3,503,2012
"1434",2,"27/12/2012",5,645,2012
"1435",2,"29/12/2012",4,650,2012
"1436",3,"30/12/2012",4,12,2012
"1437",0,"30/12/2012",3,217,2012
"1438",3,"10/01/2013",3,689,2012
"1439",2,"13/01/2013",5,569,2012
"1440",1,"6/09/2013",1,103,2013
"1441",0,"15/09/2013",2,517,2013
"1442",2,"22/09/2013",1,272,2013
"1443",1,"2/10/2013",1,51,2013
"1444",2,"3/10/2013",3,517,2013
"1445",1,"5/10/2013",1,115,2013
"1446",2,"5/10/2013",1,485,2013
"1447",0,"6/10/2013",1,670,2013
"1448",2,"6/10/2013",1,675,2013
"1449",1,"7/10/2013",2,272,2013
"1450",2,"8/10/2013",1,594,2013
"1451",1,"10/10/2013",1,650,2013
"1452",1,"11/10/2013",1,438,2013
"1453",1,"11/10/2013",1,507,2013
"1454",3,"11/10/2013",1,569,2013
"1455",0,"12/10/2013",1,388,2013
"1456",1,"13/10/2013",2,103,2013
"1457",2,"13/10/2013",1,244,2013
"1458",1,"14/10/2013",1,546,2013
"1459",0,"14/10/2013",1,614,2013
"1460",2,"14/10/2013",1,689,2013
"1461",1,"15/10/2013",1,435,2013
"1462",2,"15/10/2013",1,550,2013
"1463",0,"15/10/2013",1,657,2013
"1464",0,"16/10/2013",1,248,2013
"1465",1,"16/10/2013",1,593,2013
"1466",1,"17/10/2013",1,68,2013
"1467",2,"17/10/2013",1,339,2013
"1468",0,"17/10/2013",1,344,2013
"1469",0,"17/10/2013",1,471,2013
"1470",1,"17/10/2013",1,668,2013
"1471",0,"18/10/2013",2,670,2013
"1472",2,"19/10/2013",1,447,2013
"1473",1,"19/10/2013",1,508,2013
"1474",0,"19/10/2013",1,544,2013
"1475",3,"19/10/2013",2,675,2013
"1476",2,"20/10/2013",1,222,2013
"1477",0,"20/10/2013",1,380,2013
"1478",1,"20/10/2013",1,547,2013
"1479",1,"21/10/2013",1,653,2013
"1480",2,"22/10/2013",2,344,2013
"1481",0,"22/10/2013",1,384,2013
"1482",1,"22/10/2013",1,498,2013
"1483",2,"23/10/2013",1,160,2013
"1484",0,"23/10/2013",1,586,2013
"1485",1,"23/10/2013",1,659,2013
"1486",1,"24/10/2013",1,122,2013
"1487",0,"24/10/2013",1,257,2013
"1488",1,"24/10/2013",1,334,2013
"1489",0,"24/10/2013",1,343,2013
"1490",1,"24/10/2013",1,582,2013
"1491",2,"25/10/2013",2,115,2013
"1492",0,"25/10/2013",1,489,2013
"1493",1,"26/10/2013",2,220,2013
"1494",1,"26/10/2013",1,331,2013
"1495",1,"26/10/2013",1,428,2013
"1496",3,"27/10/2013",1,43,2013
"1497",3,"27/10/2013",1,487,2013
"1498",0,"28/10/2013",1,599,2013
"1499",1,"29/10/2013",1,329,2013
"1500",0,"30/10/2013",1,320,2013
"1501",0,"30/10/2013",2,471,2013
"1502",2,"30/10/2013",1,552,2013
"1503",2,"31/10/2013",1,212,2013
"1504",1,"31/10/2013",1,403,2013
"1505",1,"31/10/2013",2,657,2013
"1506",2,"1/11/2013",2,331,2013
"1507",2,"1/11/2013",1,346,2013
"1508",0,"1/11/2013",1,615,2013
"1509",0,"2/11/2013",2,593,2013
"1510",1,"3/11/2013",1,578,2013
"1511",3,"4/11/2013",2,160,2013
"1512",2,"4/11/2013",2,452,2013
"1513",3,"5/11/2013",2,334,2013
"1514",1,"7/11/2013",2,343,2013
"1515",1,"7/11/2013",2,650,2013
"1516",2,"7/11/2013",1,661,2013
"1517",2,"8/11/2013",1,105,2013
"1518",0,"8/11/2013",2,668,2013
"1519",2,"9/11/2013",1,183,2013
"1520",3,"9/11/2013",2,569,2013
"1521",1,"12/11/2013",3,343,2013
"1522",0,"12/11/2013",3,670,2013
"1523",0,"13/11/2013",2,435,2013
"1524",0,"13/11/2013",3,471,2013
"1525",0,"13/11/2013",2,507,2013
"1526",1,"13/11/2013",2,550,2013
"1527",1,"13/11/2013",2,594,2013
"1528",1,"14/11/2013",3,344,2013
"1529",0,"14/11/2013",2,498,2013
"1530",1,"15/11/2013",2,508,2013
"1531",1,"15/11/2013",2,582,2013
"1532",2,"16/11/2013",2,244,2013
"1533",0,"16/11/2013",2,388,2013
"1534",0,"17/11/2013",3,103,2013
"1535",0,"17/11/2013",2,546,2013
"1536",2,"17/11/2013",1,656,2013
"1537",2,"18/11/2013",2,339,2013
"1538",1,"19/11/2013",2,614,2013
"1539",2,"19/11/2013",2,689,2013
"1540",1,"20/11/2013",2,68,2013
"1541",2,"20/11/2013",2,248,2013
"1542",3,"20/11/2013",2,487,2013
"1543",0,"21/11/2013",2,320,2013
"1544",0,"21/11/2013",3,452,2013
"1545",0,"21/11/2013",2,661,2013
"1546",0,"22/11/2013",4,343,2013
"1547",0,"22/11/2013",2,586,2013
"1548",0,"24/11/2013",2,544,2013
"1549",1,"24/11/2013",2,552,2013
"1550",1,"24/11/2013",2,578,2013
"1551",0,"25/11/2013",2,653,2013
"1552",0,"26/11/2013",2,5,2013
"1553",1,"26/11/2013",2,122,2013
"1554",0,"26/11/2013",1,221,2013
"1555",2,"26/11/2013",4,452,2013
"1556",0,"27/11/2013",2,599,2013
"1557",3,"28/11/2013",1,219,2013
"1558",0,"29/11/2013",2,428,2013
"1559",0,"29/11/2013",2,489,2013
"1560",0,"30/11/2013",2,257,2013
"1561",1,"30/11/2013",5,343,2013
"1562",2,"30/11/2013",3,544,2013
"1563",3,"1/12/2013",2,43,2013
"1564",2,"1/12/2013",2,183,2013
"1565",2,"1/12/2013",2,656,2013
"1566",3,"2/12/2013",2,222,2013
"1567",2,"4/12/2013",2,329,2013
"1568",2,"4/12/2013",3,339,2013
"1569",3,"4/12/2013",3,498,2013
"1570",2,"5/12/2013",3,115,2013
"1571",2,"5/12/2013",2,615,2013
"1572",0,"5/12/2013",3,668,2013
"1573",3,"6/12/2013",2,219,2013
"1574",1,"6/12/2013",3,222,2013
"1575",1,"6/12/2013",5,452,2013
"1576",2,"6/12/2013",3,487,2013
"1577",2,"6/12/2013",5,526,2013
"1578",2,"7/12/2013",3,122,2013
"1579",0,"7/12/2013",3,272,2013
"1580",1,"7/12/2013",3,593,2013
"1581",0,"8/12/2013",4,670,2013
"1582",1,"9/12/2013",4,103,2013
"1583",4,"9/12/2013",2,403,2013
"1584",0,"9/12/2013",5,517,2013
"1585",3,"10/12/2013",2,105,2013
"1586",0,"10/12/2013",2,547,2013
"1587",1,"11/12/2013",2,673,2013
"1588",0,"12/12/2013",2,346,2013
"1589",1,"13/12/2013",6,343,2013
"1590",3,"14/12/2013",4,339,2013
"1591",0,"15/12/2013",3,257,2013
"1592",1,"15/12/2013",3,675,2013
"1593",0,"17/12/2013",4,257,2013
"1594",1,"17/12/2013",3,550,2013
"1595",3,"18/12/2013",7,343,2013
"1596",1,"18/12/2013",4,471,2013
"1597",1,"19/12/2013",3,489,2013
"1598",4,"20/12/2013",3,435,2013
"1599",2,"20/12/2013",3,594,2013
"1600",3,"21/12/2013",2,212,2013
"1601",1,"21/12/2013",3,650,2013
"1602",1,"22/12/2013",8,343,2013
"1603",0,"22/12/2013",3,653,2013
"1604",1,"23/12/2013",3,346,2013
"1605",1,"23/12/2013",3,507,2013
"1606",1,"23/12/2013",3,508,2013
"1607",2,"24/12/2013",3,582,2013
"1608",1,"27/12/2013",3,614,2013
"1609",4,"28/12/2013",3,569,2013
"1610",1,"29/12/2013",4,222,2013
"1611",2,"29/12/2013",4,487,2013
"1612",0,"1/01/2014",5,471,2013
"1613",2,"1/01/2014",4,498,2013
"1614",1,"3/01/2014",3,68,2013
"1615",3,"3/01/2014",3,403,2013
"1616",2,"3/01/2014",5,498,2013
"1617",2,"8/01/2014",4,122,2013
"1618",4,"9/01/2014",3,5,2013
"1619",4,"14/01/2014",3,43,2013
