"","Date","Rain","Temperature"
"1","1/01/2007",0,27.18275862
"2","2/01/2007",0.110344828,16.42068966
"3","3/01/2007",23.63448276,17.81034483
"4","4/01/2007",2.537931034,17.05172414
"5","5/01/2007",0.165517241,19.27586207
"6","6/01/2007",0,25.17241379
"7","7/01/2007",0,29.22758621
"8","8/01/2007",0,26.24137931
"9","9/01/2007",0,21.53793103
"10","10/01/2007",10.07586207,18.63448276
"11","11/01/2007",0.931034483,23.20344828
"12","12/01/2007",0.055172414,27.03103448
"13","13/01/2007",0,31.42758621
"14","14/01/2007",0,35.7862069
"15","15/01/2007",0,20.68965517
"16","16/01/2007",2.234482759,21.59310345
"17","17/01/2007",0.089655172,24.97931034
"18","18/01/2007",0,19.93448276
"19","19/01/2007",0.4,20.13448276
"20","20/01/2007",0.420689655,24.89655172
"21","21/01/2007",0,30.20689655
"22","22/01/2007",0,27.04482759
"23","23/01/2007",0,26.93793103
"24","24/01/2007",0.165517241,29
"25","25/01/2007",0,31.89655172
"26","26/01/2007",0,34.40344828
"27","27/01/2007",0,36.93793103
"28","28/01/2007",0,39.15862069
"29","29/01/2007",0.8,33.44482759
"30","30/01/2007",0.35862069,28.98965517
"31","31/01/2007",0,24.44827586
"32","1/02/2007",0,26.22758621
"33","2/02/2007",0,34.71724138
"34","3/02/2007",0,35.81034483
"35","4/02/2007",0,21.67931034
"36","5/02/2007",0.055172414,25.43448276
"37","6/02/2007",0,26.22413793
"38","7/02/2007",0,30.0137931
"39","8/02/2007",0,20.97931034
"40","9/02/2007",0.055172414,28.94827586
"41","10/02/2007",0,30.8
"42","11/02/2007",0,28.36551724
"43","12/02/2007",0.055172414,24.29655172
"44","13/02/2007",0,27.34482759
"45","14/02/2007",0,25.55517241
"46","15/02/2007",1.4,22.13793103
"47","16/02/2007",0.289655172,22.68965517
"48","17/02/2007",5.951724138,20.4137931
"49","18/02/2007",0.634482759,24.29310345
"50","19/02/2007",0,24.98965517
"51","20/02/2007",0,30.76896552
"52","21/02/2007",0,33.97586207
"53","22/02/2007",0,26.56206897
"54","23/02/2007",0,25.9862069
"55","24/02/2007",0,27.59310345
"56","25/02/2007",0,30.63448276
"57","26/02/2007",0,29.9137931
"58","27/02/2007",1.944827586,33.15862069
"59","28/02/2007",0,20.64137931
"60","1/03/2007",7.786206897,21.45862069
"61","2/03/2007",13.62758621,20.22413793
"62","3/03/2007",1.551724138,23.0137931
"63","4/03/2007",0.089655172,30.04482759
"64","5/03/2007",0,35.8137931
"65","6/03/2007",0,39.6
"66","7/03/2007",0,40.42758621
"67","8/03/2007",0,28.67586207
"68","9/03/2007",0.220689655,20.36206897
"69","10/03/2007",0.44137931,22.17931034
"70","11/03/2007",0,26.08965517
"71","12/03/2007",0,29.31034483
"72","13/03/2007",0,31.82068966
"73","14/03/2007",0,26.16206897
"74","15/03/2007",0,23.6137931
"75","16/03/2007",0,25.63448276
"76","17/03/2007",0,31.44827586
"77","18/03/2007",0,33.26896552
"78","19/03/2007",3.117241379,25.1862069
"79","20/03/2007",0,27.06206897
"80","21/03/2007",0,26.01034483
"81","22/03/2007",0,23.1862069
"82","23/03/2007",2.620689655,18.36551724
"83","24/03/2007",0,25.41034483
"84","25/03/2007",0,28.41034483
"85","26/03/2007",0,20.34482759
"86","27/03/2007",18.52413793,15.59310345
"87","28/03/2007",1.737931034,14.87586207
"88","29/03/2007",0,22.08965517
"89","30/03/2007",0,28.23103448
"90","31/03/2007",0,24
"91","1/04/2007",0.255172414,18.91034483
"92","2/04/2007",2.710344828,23.54482759
"93","3/04/2007",0,27.82413793
"94","4/04/2007",0.089655172,28.92413793
"95","5/04/2007",0,28.6862069
"96","6/04/2007",0,24.79655172
"97","7/04/2007",0,25.21724138
"98","8/04/2007",5.296551724,17.07586207
"99","9/04/2007",2.655172414,15.97586207
"100","10/04/2007",0.489655172,20.01034483
"101","11/04/2007",0.165517241,23.1137931
"102","12/04/2007",0.089655172,25.25517241
"103","13/04/2007",0,22.17241379
"104","14/04/2007",0,25.26551724
"105","15/04/2007",12.88965517,18.07586207
"106","16/04/2007",23.39310345,17.95172414
"107","17/04/2007",0.64137931,19.42413793
"108","18/04/2007",4.2,17.44137931
"109","19/04/2007",0.089655172,18.5137931
"110","20/04/2007",3.710344828,18.37241379
"111","21/04/2007",1.262068966,21.3137931
"112","22/04/2007",0,22.38965517
"113","23/04/2007",7.379310345,23.74482759
"114","24/04/2007",0.2,18.09655172
"115","25/04/2007",5.827586207,15.86551724
"116","26/04/2007",0.310344828,19.12068966
"117","27/04/2007",0.089655172,20.73103448
"118","28/04/2007",0,21.09655172
"119","29/04/2007",1.310344828,20.41724138
"120","30/04/2007",16.59310345,15.53103448
"121","1/05/2007",19.53103448,16.2
"122","2/05/2007",5.386206897,17.10689655
"123","3/05/2007",0.655172414,18.95862069
"124","4/05/2007",3.062068966,19.67931034
"125","5/05/2007",3.703448276,17.75862069
"126","6/05/2007",0,17.97241379
"127","7/05/2007",1.593103448,17.19655172
"128","8/05/2007",0.551724138,19.9862069
"129","9/05/2007",0,23.32068966
"130","10/05/2007",0,25.45517241
"131","11/05/2007",0,17.01034483
"132","12/05/2007",1.089655172,17.54482759
"133","13/05/2007",3.04137931,14.81724138
"134","14/05/2007",0.496551724,14.40689655
"135","15/05/2007",0.365517241,16.4137931
"136","16/05/2007",0.089655172,15.71034483
"137","17/05/2007",0,18.15517241
"138","18/05/2007",8.089655172,14.85172414
"139","19/05/2007",0.055172414,15.86206897
"140","20/05/2007",6.455172414,15.16206897
"141","21/05/2007",0,15.93103448
"142","22/05/2007",0.44137931,18.91724138
"143","23/05/2007",0.4,18.35517241
"144","24/05/2007",2.179310345,19.34137931
"145","25/05/2007",1.862068966,20.28275862
"146","26/05/2007",10.2,15.2
"147","27/05/2007",4.2,13
"148","28/05/2007",24,14.41034483
"149","29/05/2007",11.31724138,15.25172414
"150","30/05/2007",0,18.73793103
"151","31/05/2007",0,19.27241379
"152","1/06/2007",0,20.64137931
"153","2/06/2007",0.089655172,20.91034483
"154","3/06/2007",0,15.42068966
"155","4/06/2007",0.089655172,16.8862069
"156","5/06/2007",0,17.71034483
"157","6/06/2007",0.089655172,17.18275862
"158","7/06/2007",0.84137931,19.04137931
"159","8/06/2007",1.524137931,17.3862069
"160","9/06/2007",2,16.64137931
"161","10/06/2007",0.220689655,17.44137931
"162","11/06/2007",0.089655172,16.44137931
"163","12/06/2007",0,20.15172414
"164","13/06/2007",0,18.04137931
"165","14/06/2007",24.26206897,16.99310345
"166","15/06/2007",0.586206897,16.66206897
"167","16/06/2007",0.289655172,15.32068966
"168","17/06/2007",0.089655172,16.75172414
"169","18/06/2007",0,16.62758621
"170","19/06/2007",0.089655172,16.5137931
"171","20/06/2007",0.268965517,14.2
"172","21/06/2007",0.089655172,15.6862069
"173","22/06/2007",0,13.23103448
"174","23/06/2007",4.544827586,12.62758621
"175","24/06/2007",12.50344828,14.37241379
"176","25/06/2007",6.296551724,16.47241379
"177","26/06/2007",2.455172414,18.74137931
"178","27/06/2007",0,19.32413793
"179","28/06/2007",21.9862069,17.22413793
"180","29/06/2007",0.765517241,18.84137931
"181","30/06/2007",8.689655172,16.59655172
"182","1/07/2007",4.15862069,16.8
"183","2/07/2007",21.28965517,14.49655172
"184","3/07/2007",28.59310345,13.55517241
"185","4/07/2007",8.593103448,16.3
"186","5/07/2007",1.44137931,16.60344828
"187","6/07/2007",1.15862069,17.19655172
"188","7/07/2007",0.179310345,19.64137931
"189","8/07/2007",7.089655172,18.21034483
"190","9/07/2007",2.744827586,14.00689655
"191","10/07/2007",0.834482759,15.36551724
"192","11/07/2007",0,15.96206897
"193","12/07/2007",0.089655172,17.5862069
"194","13/07/2007",0.234482759,18.84827586
"195","14/07/2007",0,17.34137931
"196","15/07/2007",0,14.90344828
"197","16/07/2007",0.993103448,16.36551724
"198","17/07/2007",2.068965517,15.6862069
"199","18/07/2007",0.089655172,19.73103448
"200","19/07/2007",0.4,14.37931034
"201","20/07/2007",15.35172414,16.59655172
"202","21/07/2007",0.310344828,14.78275862
"203","22/07/2007",13.22758621,15.19310345
"204","23/07/2007",3.834482759,15.78275862
"205","24/07/2007",23.52413793,13.27586207
"206","25/07/2007",9.827586207,14.58965517
"207","26/07/2007",0.64137931,15.66206897
"208","27/07/2007",2.896551724,17.61034483
"209","28/07/2007",12.87586207,15.66206897
"210","29/07/2007",5.806896552,18.00689655
"211","30/07/2007",7.531034483,15.23793103
"212","31/07/2007",23.10344828,14.58965517
"213","1/08/2007",16.5862069,13.22413793
"214","2/08/2007",10.8137931,13.82758621
"215","3/08/2007",1.110344828,14.47586207
"216","4/08/2007",0.110344828,17.3862069
"217","5/08/2007",0,18.43103448
"218","6/08/2007",19.0137931,12.86551724
"219","7/08/2007",10.33103448,15.53103448
"220","8/08/2007",0.4,16.63448276
"221","9/08/2007",0.544827586,18.55172414
"222","10/08/2007",13.1862069,12.37241379
"223","11/08/2007",7.317241379,14.14137931
"224","12/08/2007",0.420689655,15.41034483
"225","13/08/2007",0,15.41724138
"226","14/08/2007",9.937931034,13.64137931
"227","15/08/2007",10.7862069,16.36551724
"228","16/08/2007",4.275862069,16.00689655
"229","17/08/2007",0.110344828,16.86551724
"230","18/08/2007",0,21.5
"231","19/08/2007",0,18.9862069
"232","20/08/2007",21.39310345,16.99310345
"233","21/08/2007",0.496551724,19.80689655
"234","22/08/2007",0.420689655,15.64137931
"235","23/08/2007",7.462068966,15.93448276
"236","24/08/2007",0.110344828,18.46206897
"237","25/08/2007",4.544827586,17.3
"238","26/08/2007",10.08965517,17.43793103
"239","27/08/2007",10.05517241,15.87241379
"240","28/08/2007",0.689655172,17.42413793
"241","29/08/2007",6.848275862,13.15517241
"242","30/08/2007",24.44137931,14.22068966
"243","31/08/2007",0.310344828,14.83103448
"244","1/09/2007",0.993103448,15.7137931
"245","2/09/2007",1.579310345,18.72068966
"246","3/09/2007",0,23.27586207
"247","4/09/2007",3.289655172,15.27586207
"248","5/09/2007",8.234482759,15.1
"249","6/09/2007",0.165517241,17.03448276
"250","7/09/2007",0.220689655,13.34137931
"251","8/09/2007",31.00689655,16.33448276
"252","9/09/2007",1.84137931,15.22413793
"253","10/09/2007",0,17.77586207
"254","11/09/2007",3.289655172,19.45517241
"255","12/09/2007",5.082758621,14.05172414
"256","13/09/2007",22.45517241,15.7
"257","14/09/2007",2.075862069,13.86551724
"258","15/09/2007",19.40689655,15.79655172
"259","16/09/2007",3.634482759,18.72758621
"260","17/09/2007",1.993103448,18.32068966
"261","18/09/2007",4.793103448,16.23103448
"262","19/09/2007",4.255172414,17.57586207
"263","20/09/2007",0.668965517,18.86206897
"264","21/09/2007",1.124137931,19.56896552
"265","22/09/2007",11.95862069,16.08965517
"266","23/09/2007",0.110344828,17.29655172
"267","24/09/2007",18.51724138,13.44137931
"268","25/09/2007",13.4,15.12068966
"269","26/09/2007",4.64137931,18.73448276
"270","27/09/2007",6.972413793,17.14482759
"271","28/09/2007",4.724137931,18.80344828
"272","29/09/2007",1.655172414,20.1862069
"273","30/09/2007",1.062068966,19.17241379
"274","1/10/2007",0,19.66551724
"275","2/10/2007",1.586206897,17.40344828
"276","3/10/2007",0.144827586,20.89310345
"277","4/10/2007",0,18.90689655
"278","5/10/2007",0.331034483,21.18965517
"279","6/10/2007",0,16.97586207
"280","7/10/2007",0,17.36551724
"281","8/10/2007",0,18.1
"282","9/10/2007",7.8,16.17931034
"283","10/10/2007",1.64137931,15.46551724
"284","11/10/2007",1.986206897,18.20344828
"285","12/10/2007",0.089655172,20.55862069
"286","13/10/2007",0,26.17931034
"287","14/10/2007",0,22.17241379
"288","15/10/2007",1.710344828,20.66896552
"289","16/10/2007",0,25.18965517
"290","17/10/2007",0,18.02068966
"291","18/10/2007",14.31034483,17.96206897
"292","19/10/2007",0,20.8137931
"293","20/10/2007",2.462068966,15.75517241
"294","21/10/2007",8.64137931,14.09655172
"295","22/10/2007",3.379310345,19.24482759
"296","23/10/2007",0,22.61034483
"297","24/10/2007",0,26.08965517
"298","25/10/2007",0,27.37931034
"299","26/10/2007",1.972413793,16.45517241
"300","27/10/2007",20.99310345,11.04137931
"301","28/10/2007",10.11034483,14.36206897
"302","29/10/2007",1.531034483,14.99655172
"303","30/10/2007",1.151724138,16.56206897
"304","31/10/2007",3.779310345,18.54482759
"305","1/11/2007",0.055172414,18.00689655
"306","2/11/2007",0.331034483,18.02068966
"307","3/11/2007",0,19.93448276
"308","4/11/2007",0,25.04482759
"309","5/11/2007",0,28.95862069
"310","6/11/2007",0.165517241,21.99310345
"311","7/11/2007",0.089655172,22.84827586
"312","8/11/2007",0,21.53793103
"313","9/11/2007",0.331034483,20.55172414
"314","10/11/2007",0.089655172,24.64482759
"315","11/11/2007",0,30.48965517
"316","12/11/2007",0,35.71724138
"317","13/11/2007",0,19
"318","14/11/2007",0,26.72413793
"319","15/11/2007",0,24.95862069
"320","16/11/2007",0,23.90344828
"321","17/11/2007",0,24.69655172
"322","18/11/2007",2.848275862,19.88965517
"323","19/11/2007",0.44137931,16.75172414
"324","20/11/2007",5.172413793,19.54482759
"325","21/11/2007",0,25.79655172
"326","22/11/2007",0,30.55862069
"327","23/11/2007",0,31.01034483
"328","24/11/2007",0,30.16551724
"329","25/11/2007",0,23.16551724
"330","26/11/2007",0,22.40344828
"331","27/11/2007",0,25.01034483
"332","28/11/2007",0,29.76551724
"333","29/11/2007",0,24.09655172
"334","30/11/2007",0.889655172,20.45172414
"335","1/12/2007",6.848275862,16.95862069
"336","2/12/2007",0.510344828,20.52758621
"337","3/12/2007",0.44137931,20.30689655
"338","4/12/2007",1.282758621,22.86896552
"339","5/12/2007",0.165517241,16.84827586
"340","6/12/2007",20.57931034,15.92068966
"341","7/12/2007",0.44137931,18.98965517
"342","8/12/2007",3.310344828,19.1137931
"343","9/12/2007",0,23.16551724
"344","10/12/2007",0,28.22413793
"345","11/12/2007",0,31.26551724
"346","12/12/2007",0,21.97241379
"347","13/12/2007",1.062068966,17.03103448
"348","14/12/2007",0.6,18.40344828
"349","15/12/2007",0,21.41034483
"350","16/12/2007",0.44137931,16.4
"351","17/12/2007",20.44137931,22.3137931
"352","18/12/2007",18.28275862,21.32068966
"353","19/12/2007",5.275862069,22.9137931
"354","20/12/2007",0.331034483,22.34482759
"355","21/12/2007",0.055172414,18.44827586
"356","22/12/2007",0.331034483,22.27931034
"357","23/12/2007",0,28
"358","24/12/2007",0,32.13448276
"359","25/12/2007",0,36.36896552
"360","26/12/2007",0,40.7137931
"361","27/12/2007",0,26.63103448
"362","28/12/2007",0,22.17931034
"363","29/12/2007",0,27.49310345
"364","30/12/2007",0,22.96896552
"365","31/12/2007",0,23.67241379
"366","1/01/2008",0,29.48965517
"367","2/01/2008",0,28.23448276
"368","3/01/2008",0.531034483,32.62758621
"369","4/01/2008",0.710344828,25.21724138
"370","5/01/2008",0,23.50344828
"371","6/01/2008",0,27.91034483
"372","7/01/2008",0,31.80689655
"373","8/01/2008",0,34.72068966
"374","9/01/2008",0,24.67931034
"375","10/01/2008",2.296551724,21.42413793
"376","11/01/2008",0.931034483,23.3137931
"377","12/01/2008",0,22.20344828
"378","13/01/2008",0.220689655,28.76896552
"379","14/01/2008",0,25.46206897
"380","15/01/2008",0.220689655,23.19310345
"381","16/01/2008",0,30.47586207
"382","17/01/2008",0,35.54827586
"383","18/01/2008",0,23.48275862
"384","19/01/2008",0.331034483,22.09310345
"385","20/01/2008",0.35862069,25.03793103
"386","21/01/2008",0.4,22.06206897
"387","22/01/2008",0,28.3137931
"388","23/01/2008",0,30.80344828
"389","24/01/2008",0,34.07586207
"390","25/01/2008",0,31.32758621
"391","26/01/2008",0,26.94137931
"392","27/01/2008",0,29.25517241
"393","28/01/2008",0,28.44137931
"394","29/01/2008",0,26.30689655
"395","30/01/2008",0.055172414,22.33793103
"396","31/01/2008",0,28.88965517
"397","1/02/2008",0,27.12758621
"398","2/02/2008",0.089655172,26.4
"399","3/02/2008",0,24.82413793
"400","4/02/2008",2.413793103,26.46896552
"401","5/02/2008",0.055172414,34.84482759
"402","6/02/2008",0,33.3
"403","7/02/2008",0,31.77586207
"404","8/02/2008",3.186206897,28.56551724
"405","9/02/2008",0.2,30.13448276
"406","10/02/2008",0,32.63448276
"407","11/02/2008",0,29.74827586
"408","12/02/2008",0,30.84482759
"409","13/02/2008",0,33.21034483
"410","14/02/2008",0,36.36551724
"411","15/02/2008",1.351724138,21.53793103
"412","16/02/2008",2.324137931,27.17241379
"413","17/02/2008",0.310344828,22.07931034
"414","18/02/2008",1.924137931,20.66896552
"415","19/02/2008",0.531034483,19.86206897
"416","20/02/2008",0,22.86896552
"417","21/02/2008",0.089655172,21.95517241
"418","22/02/2008",0.220689655,22.59310345
"419","23/02/2008",0,27.1
"420","24/02/2008",0,29.6
"421","25/02/2008",0,31.94482759
"422","26/02/2008",0,32.84827586
"423","27/02/2008",0,31.57931034
"424","28/02/2008",0,38.07931034
"425","29/02/2008",0,34.32413793
"426","1/03/2008",0,26.44137931
"427","2/03/2008",0.751724138,25.37241379
"428","3/03/2008",0.110344828,27.02413793
"429","4/03/2008",0,30.47241379
"430","5/03/2008",0,34.08275862
"431","6/03/2008",0,24.58275862
"432","7/03/2008",2.310344828,20.37931034
"433","8/03/2008",3.2,24.14137931
"434","9/03/2008",0.35862069,20.54482759
"435","10/03/2008",0,28.82068966
"436","11/03/2008",0,30.60689655
"437","12/03/2008",0,30.12068966
"438","13/03/2008",1.462068966,18.71724138
"439","14/03/2008",0.468965517,23.49655172
"440","15/03/2008",0,24.24827586
"441","16/03/2008",0.662068966,25.32413793
"442","17/03/2008",0.44137931,22.96551724
"443","18/03/2008",0.220689655,27.42758621
"444","19/03/2008",0.089655172,26.37586207
"445","20/03/2008",0,27.53448276
"446","21/03/2008",0,29.76896552
"447","22/03/2008",1.448275862,24.85862069
"448","23/03/2008",1.186206897,20.17241379
"449","24/03/2008",0,20.22068966
"450","25/03/2008",0,23.99655172
"451","26/03/2008",0,26.64137931
"452","27/03/2008",0,28.74482759
"453","28/03/2008",0,26.64137931
"454","29/03/2008",0,23.73103448
"455","30/03/2008",0,23.73103448
"456","31/03/2008",0,17.93793103
"457","1/04/2008",33.97241379,17.77241379
"458","2/04/2008",0.2,20.70689655
"459","3/04/2008",0,22.76551724
"460","4/04/2008",0,26.94482759
"461","5/04/2008",0,26.5
"462","6/04/2008",6.365517241,24.78965517
"463","7/04/2008",0.089655172,24.03103448
"464","8/04/2008",14.71034483,20.23448276
"465","9/04/2008",1.103448276,22.79655172
"466","10/04/2008",8.586206897,19.32068966
"467","11/04/2008",0.110344828,20.32758621
"468","12/04/2008",0,24.65517241
"469","13/04/2008",0,27.64482759
"470","14/04/2008",0.089655172,29.78965517
"471","15/04/2008",0,25.38965517
"472","16/04/2008",2.64137931,23.42068966
"473","17/04/2008",22.17931034,19.92758621
"474","18/04/2008",8.337931034,19.7862069
"475","19/04/2008",4.2,15.29655172
"476","20/04/2008",16.62068966,16.20344828
"477","21/04/2008",10.69655172,17.6
"478","22/04/2008",3.344827586,20.5862069
"479","23/04/2008",2.172413793,18.59655172
"480","24/04/2008",2.324137931,19.24482759
"481","25/04/2008",0,20.72068966
"482","26/04/2008",0.551724138,18.85172414
"483","27/04/2008",0.179310345,16.65172414
"484","28/04/2008",0.551724138,22.95517241
"485","29/04/2008",3.427586207,19.88965517
"486","30/04/2008",8.206896552,18.48965517
"487","1/05/2008",0.110344828,18.39655172
"488","2/05/2008",0,19.89655172
"489","3/05/2008",1.606896552,19.5137931
"490","4/05/2008",0.110344828,19.15862069
"491","5/05/2008",0,21.00689655
"492","6/05/2008",0,22.82068966
"493","7/05/2008",0,23.84137931
"494","8/05/2008",0.089655172,21.26551724
"495","9/05/2008",0.4,23.55517241
"496","10/05/2008",3.510344828,18.39655172
"497","11/05/2008",18.77931034,21.22068966
"498","12/05/2008",0.951724138,21.42068966
"499","13/05/2008",13.86896552,15.78965517
"500","14/05/2008",10.59310345,15.04482759
"501","15/05/2008",4.317241379,16.92068966
"502","16/05/2008",2.662068966,15.88965517
"503","17/05/2008",0.386206897,17.67586207
"504","18/05/2008",0.6,18.37241379
"505","19/05/2008",3.262068966,19.5
"506","20/05/2008",0.420689655,19.32068966
"507","21/05/2008",0.2,20.4
"508","22/05/2008",13.8137931,13.8
"509","23/05/2008",23.97241379,15.1
"510","24/05/2008",6.372413793,15.1
"511","25/05/2008",12.22758621,17.9
"512","26/05/2008",0.055172414,18.3
"513","27/05/2008",0.310344828,22.04137931
"514","28/05/2008",23.24827586,15.30689655
"515","29/05/2008",10.07586207,15.15172414
"516","30/05/2008",0.44137931,20.15517241
"517","31/05/2008",6.317241379,21.50689655
"518","1/06/2008",3.696551724,17.46551724
"519","2/06/2008",0.2,19.19310345
"520","3/06/2008",0.089655172,19.15172414
"521","4/06/2008",0.255172414,19.06551724
"522","5/06/2008",0.144827586,16.5862069
"523","6/06/2008",0.289655172,18.7862069
"524","7/06/2008",0,18.12068966
"525","8/06/2008",0.089655172,16.64137931
"526","9/06/2008",7.372413793,12.49655172
"527","10/06/2008",9.868965517,16.51724138
"528","11/06/2008",7.751724138,17.37241379
"529","12/06/2008",5.35862069,15.07931034
"530","13/06/2008",2.2,16.75517241
"531","14/06/2008",0.055172414,19.08275862
"532","15/06/2008",14.9862069,12.92758621
"533","16/06/2008",34.08275862,13.52758621
"534","17/06/2008",11.24137931,14.24137931
"535","18/06/2008",0.420689655,16.26551724
"536","19/06/2008",0,18.37241379
"537","20/06/2008",0.055172414,17.80689655
"538","21/06/2008",0.110344828,18.23103448
"539","22/06/2008",0.089655172,18.69655172
"540","23/06/2008",0,19.90689655
"541","24/06/2008",0,18.92758621
"542","25/06/2008",9.744827586,15.92068966
"543","26/06/2008",0,15.49655172
"544","27/06/2008",0,14.35172414
"545","28/06/2008",30.66206897,13.72068966
"546","29/06/2008",16.25517241,14.11034483
"547","30/06/2008",1.703448276,16.12758621
"548","1/07/2008",2.344827586,15.86551724
"549","2/07/2008",0.255172414,16.22068966
"550","3/07/2008",0.089655172,18.17586207
"551","4/07/2008",4.8,16.59655172
"552","5/07/2008",11.96551724,12.59655172
"553","6/07/2008",1.068965517,13.23793103
"554","7/07/2008",0.110344828,15.59655172
"555","8/07/2008",0,19.05172414
"556","9/07/2008",5.110344828,12.59655172
"557","10/07/2008",2.468965517,15.55172414
"558","11/07/2008",22.32413793,13.11034483
"559","12/07/2008",3.324137931,14.1862069
"560","13/07/2008",3.282758621,15.6
"561","14/07/2008",0.468965517,17.1862069
"562","15/07/2008",4.710344828,14.7862069
"563","16/07/2008",39.26206897,12.27241379
"564","17/07/2008",7.103448276,15.0862069
"565","18/07/2008",17.07586207,11.35862069
"566","19/07/2008",17.47586207,11.6862069
"567","20/07/2008",3.820689655,14.40689655
"568","21/07/2008",0.331034483,15.57586207
"569","22/07/2008",0.089655172,14.75172414
"570","23/07/2008",13.00689655,14
"571","24/07/2008",21.2,13.94482759
"572","25/07/2008",7.8,13.82068966
"573","26/07/2008",0.379310345,16.00689655
"574","27/07/2008",1.068965517,15.55172414
"575","28/07/2008",2.489655172,15.02758621
"576","29/07/2008",9.717241379,14.36551724
"577","30/07/2008",16,12.23103448
"578","31/07/2008",16.77931034,11.75517241
"579","1/08/2008",2.44137931,14.06551724
"580","2/08/2008",17.76551724,12.79655172
"581","3/08/2008",2.04137931,13.09655172
"582","4/08/2008",0.2,16.55172414
"583","5/08/2008",0.089655172,16.8862069
"584","6/08/2008",0.089655172,17.32758621
"585","7/08/2008",2.993103448,13.99655172
"586","8/08/2008",0,14.73448276
"587","9/08/2008",0.365517241,15.4862069
"588","10/08/2008",0.055172414,15.85172414
"589","11/08/2008",0.089655172,15.98275862
"590","12/08/2008",0,16.66206897
"591","13/08/2008",0,17.7
"592","14/08/2008",0.110344828,18.12068966
"593","15/08/2008",0,19.23103448
"594","16/08/2008",0,21.50689655
"595","17/08/2008",0,21.55172414
"596","18/08/2008",0,20.56206897
"597","19/08/2008",6.255172414,13.20689655
"598","20/08/2008",2.172413793,14.47586207
"599","21/08/2008",0.510344828,13.5
"600","22/08/2008",0.089655172,15.82068966
"601","23/08/2008",0,18.23103448
"602","24/08/2008",0,18.85517241
"603","25/08/2008",0.731034483,14.51034483
"604","26/08/2008",0,15.94482759
"605","27/08/2008",0,21.21034483
"606","28/08/2008",0.089655172,19.54482759
"607","29/08/2008",5.013793103,14.07586207
"608","30/08/2008",17.40689655,12.6
"609","31/08/2008",1.924137931,16.44827586
"610","1/09/2008",12.97241379,14.84482759
"611","2/09/2008",3.275862069,19.65172414
"612","3/09/2008",0,20.83793103
"613","4/09/2008",0.110344828,17.1137931
"614","5/09/2008",0.089655172,16.00344828
"615","6/09/2008",0.827586207,13.55172414
"616","7/09/2008",0,16.38965517
"617","8/09/2008",0,18.8862069
"618","9/09/2008",0,18.85517241
"619","10/09/2008",0.089655172,15.3
"620","11/09/2008",10.35172414,16.90344828
"621","12/09/2008",3.406896552,17.82413793
"622","13/09/2008",15.75862069,13.69310345
"623","14/09/2008",7.089655172,15.16551724
"624","15/09/2008",1.172413793,16.93448276
"625","16/09/2008",0.055172414,20.16551724
"626","17/09/2008",12.88965517,14.77586207
"627","18/09/2008",6.84137931,16.14137931
"628","19/09/2008",15.66206897,16.58965517
"629","20/09/2008",5.910344828,18.23103448
"630","21/09/2008",8,12.02068966
"631","22/09/2008",2.303448276,15.87241379
"632","23/09/2008",0,18.87586207
"633","24/09/2008",0,22.86551724
"634","25/09/2008",17.14482759,11.6862069
"635","26/09/2008",0.468965517,15.27931034
"636","27/09/2008",0,16.83103448
"637","28/09/2008",2.882758621,18.07931034
"638","29/09/2008",3.951724138,21.32068966
"639","30/09/2008",2.827586207,17.58275862
"640","1/10/2008",1.627586207,19.39655172
"641","2/10/2008",9.020689655,14.87586207
"642","3/10/2008",1.531034483,17.6862069
"643","4/10/2008",2.282758621,13.6862069
"644","5/10/2008",9.262068966,15.23103448
"645","6/10/2008",0.220689655,15.87586207
"646","7/10/2008",0,19.02413793
"647","8/10/2008",0,22.94482759
"648","9/10/2008",1.24137931,16.97931034
"649","10/10/2008",0.579310345,20.04482759
"650","11/10/2008",0,17.95517241
"651","12/10/2008",2.579310345,16.41034483
"652","13/10/2008",1,18.44137931
"653","14/10/2008",0,23.43448276
"654","15/10/2008",0,28.38965517
"655","16/10/2008",1.813793103,15.95517241
"656","17/10/2008",1.703448276,20.85862069
"657","18/10/2008",5.2,20.67931034
"658","19/10/2008",0.055172414,26.22413793
"659","20/10/2008",0.179310345,27.34482759
"660","21/10/2008",1.882758621,25.17931034
"661","22/10/2008",0.089655172,25.08965517
"662","23/10/2008",4.406896552,21.53448276
"663","24/10/2008",10.22068966,21.4137931
"664","25/10/2008",15.68965517,16.71034483
"665","26/10/2008",0.234482759,20.04482759
"666","27/10/2008",0,20.82758621
"667","28/10/2008",1.15862069,15.29655172
"668","29/10/2008",9.917241379,15.46551724
"669","30/10/2008",4.744827586,17.81034483
"670","31/10/2008",1.062068966,19.14482759
"671","1/11/2008",0.055172414,21.2
"672","2/11/2008",0,23.68965517
"673","3/11/2008",0,17.35172414
"674","4/11/2008",12.15172414,17.13448276
"675","5/11/2008",3.406896552,15.41724138
"676","6/11/2008",17.48275862,14.17586207
"677","7/11/2008",5.903448276,16.47586207
"678","8/11/2008",0.420689655,20.09310345
"679","9/11/2008",0.144827586,21.30689655
"680","10/11/2008",0,19.37241379
"681","11/11/2008",2.413793103,15.87241379
"682","12/11/2008",0.468965517,16.87241379
"683","13/11/2008",1.820689655,17.26551724
"684","14/11/2008",0,18.97586207
"685","15/11/2008",0,20.41034483
"686","16/11/2008",0,21.65517241
"687","17/11/2008",0,20.32068966
"688","18/11/2008",0,22.17931034
"689","19/11/2008",0,26.99310345
"690","20/11/2008",1.317241379,18.72068966
"691","21/11/2008",12.97931034,19.91034483
"692","22/11/2008",11.93793103,22.33448276
"693","23/11/2008",16.74482759,16.35517241
"694","24/11/2008",13.66206897,20.85172414
"695","25/11/2008",1.606896552,20.47241379
"696","26/11/2008",2.855172414,20.48965517
"697","27/11/2008",21.25517241,18.59655172
"698","28/11/2008",2.537931034,21.48965517
"699","29/11/2008",0.089655172,20.88965517
"700","30/11/2008",1.344827586,18.54482759
"701","1/12/2008",0,22.04482759
"702","2/12/2008",0,25.24482759
"703","3/12/2008",0,22.63103448
"704","4/12/2008",0.331034483,21.07241379
"705","5/12/2008",3.6,19.2137931
"706","6/12/2008",0.324137931,22.9137931
"707","7/12/2008",0,24.72068966
"708","8/12/2008",0.44137931,20.67931034
"709","9/12/2008",0.772413793,19.61034483
"710","10/12/2008",2.848275862,19.82068966
"711","11/12/2008",1.24137931,20.99310345
"712","12/12/2008",0,21.73103448
"713","13/12/2008",0,26.71724138
"714","14/12/2008",0,31.55862069
"715","15/12/2008",0.662068966,18.6137931
"716","16/12/2008",0.882758621,21.45517241
"717","17/12/2008",0,20.82758621
"718","18/12/2008",0,26.40689655
"719","19/12/2008",0,26.06206897
"720","20/12/2008",1.144827586,20.20344828
"721","21/12/2008",47.97931034,18.09655172
"722","22/12/2008",0.910344828,23.15862069
"723","23/12/2008",0,22.65862069
"724","24/12/2008",0,24.04137931
"725","25/12/2008",0,23.43793103
"726","26/12/2008",0,23.80689655
"727","27/12/2008",0.110344828,26.12758621
"728","28/12/2008",1.351724138,26.64827586
"729","29/12/2008",0,27.44137931
"730","30/12/2008",0,30.00344828
"731","31/12/2008",0,26.49310345
"732","1/01/2009",0,30.46896552
"733","2/01/2009",0,33.92413793
"734","3/01/2009",0,26.35172414
"735","4/01/2009",0,29.93793103
"736","5/01/2009",0,31.32758621
"737","6/01/2009",0,26.46206897
"738","7/01/2009",0,28.4137931
"739","8/01/2009",0,29.8137931
"740","9/01/2009",0,29.62758621
"741","10/01/2009",0,27.40344828
"742","11/01/2009",0,34.44137931
"743","12/01/2009",0,23.84482759
"744","13/01/2009",1.062068966,22.93103448
"745","14/01/2009",0.089655172,24.46551724
"746","15/01/2009",0,32.99310345
"747","16/01/2009",0,39.48275862
"748","17/01/2009",0,26.27241379
"749","18/01/2009",0,19.9
"750","19/01/2009",0,23.06896552
"751","20/01/2009",0,24.25862069
"752","21/01/2009",0,24.63793103
"753","22/01/2009",2.151724138,25.11724138
"754","23/01/2009",0.820689655,24.67241379
"755","24/01/2009",0.531034483,27.85172414
"756","25/01/2009",0.144827586,31.17241379
"757","26/01/2009",0,27.27586207
"758","27/01/2009",0,23.74827586
"759","28/01/2009",0,19.8
"760","29/01/2009",0,23.04137931
"761","30/01/2009",0,21.35172414
"762","31/01/2009",0,32.17931034
"763","1/02/2009",0,33.90344828
"764","2/02/2009",0,36.63103448
"765","3/02/2009",0.331034483,26.18275862
"766","4/02/2009",0.862068966,22.92413793
"767","5/02/2009",0.089655172,24.13793103
"768","6/02/2009",0,21.36896552
"769","7/02/2009",0.089655172,20.95517241
"770","8/02/2009",0.089655172,27.38965517
"771","9/02/2009",0,29.6
"772","10/02/2009",0,29.7
"773","11/02/2009",0,36.74482759
"774","12/02/2009",0,29.10344828
"775","13/02/2009",1.875862069,19.47586207
"776","14/02/2009",0.455172414,30.33103448
"777","15/02/2009",0,31.48275862
"778","16/02/2009",0,24.3137931
"779","17/02/2009",0.089655172,22.35517241
"780","18/02/2009",0.055172414,25.13448276
"781","19/02/2009",0,27.4137931
"782","20/02/2009",0,31.66896552
"783","21/02/2009",0,34.70689655
"784","22/02/2009",0,22.27931034
"785","23/02/2009",0,29.88965517
"786","24/02/2009",0,23.03793103
"787","25/02/2009",0.268965517,16.86206897
"788","26/02/2009",11.82758621,18.96206897
"789","27/02/2009",0.110344828,23.99310345
"790","28/02/2009",0,26.15862069
"791","1/03/2009",0,25.26206897
"792","2/03/2009",13.95862069,17.02758621
"793","3/03/2009",1,19.8
"794","4/03/2009",0.110344828,26.2
"795","5/03/2009",0,29.3
"796","6/03/2009",0,25.6
"797","7/03/2009",0,26.9
"798","8/03/2009",0,28.2
"799","9/03/2009",0,32.88965517
"800","10/03/2009",0,36.12413793
"801","11/03/2009",0,23.56551724
"802","12/03/2009",0.662068966,22.5137931
"803","13/03/2009",0.255172414,20.43448276
"804","14/03/2009",0,25.88965517
"805","15/03/2009",0,32.27241379
"806","16/03/2009",0,34.26551724
"807","17/03/2009",0.220689655,24.00689655
"808","18/03/2009",3.331034483,18.32413793
"809","19/03/2009",0,22.47931034
"810","20/03/2009",0,18.14482759
"811","21/03/2009",6.475862069,18.89655172
"812","22/03/2009",0,20.53103448
"813","23/03/2009",2.034482759,22.53448276
"814","24/03/2009",1.620689655,23.99310345
"815","25/03/2009",0.44137931,22.68965517
"816","26/03/2009",0.110344828,28.16206897
"817","27/03/2009",0,28.23448276
"818","28/03/2009",0,19.72413793
"819","29/03/2009",0.751724138,19.44482759
"820","30/03/2009",0.110344828,20.06206897
"821","31/03/2009",1.268965517,19.12758621
"822","1/04/2009",5.096551724,18.87931034
"823","2/04/2009",0.110344828,19.28965517
"824","3/04/2009",0.110344828,22.36551724
"825","4/04/2009",0,23.76896552
"826","5/04/2009",0,23.13448276
"827","6/04/2009",0,26.4
"828","7/04/2009",0,28.64482759
"829","8/04/2009",0,29.07931034
"830","9/04/2009",0,22.46896552
"831","10/04/2009",0,27.69310345
"832","11/04/2009",0,24.73793103
"833","12/04/2009",0,29.62758621
"834","13/04/2009",0,28.70689655
"835","14/04/2009",0,20.12068966
"836","15/04/2009",0,18.9
"837","16/04/2009",0,21.68965517
"838","17/04/2009",0,23.33448276
"839","18/04/2009",0,29.32413793
"840","19/04/2009",0.089655172,28.22758621
"841","20/04/2009",0,23.33448276
"842","21/04/2009",0,26.54827586
"843","22/04/2009",3.689655172,15.81034483
"844","23/04/2009",0.310344828,18.52413793
"845","24/04/2009",1.462068966,20.17931034
"846","25/04/2009",0.779310345,20.40344828
"847","26/04/2009",0.510344828,18.3137931
"848","27/04/2009",0,20.54482759
"849","28/04/2009",0.089655172,23.54827586
"850","29/04/2009",0,21.79310345
"851","30/04/2009",0.220689655,18.47586207
"852","1/05/2009",0,20.25517241
"853","2/05/2009",0,23.59310345
"854","3/05/2009",0.089655172,23.87241379
"855","4/05/2009",0,25.94482759
"856","5/05/2009",0,26.16551724
"857","6/05/2009",0,25.2862069
"858","7/05/2009",0,24.59655172
"859","8/05/2009",0,23.67241379
"860","9/05/2009",0,24.55172414
"861","10/05/2009",0,19.9862069
"862","11/05/2009",2.124137931,18.60689655
"863","12/05/2009",0.089655172,19.59655172
"864","13/05/2009",0.110344828,18.97241379
"865","14/05/2009",0.089655172,19.6862069
"866","15/05/2009",0,20.83103448
"867","16/05/2009",0,21.72758621
"868","17/05/2009",0.089655172,24.01034483
"869","18/05/2009",0,21.75172414
"870","19/05/2009",0.551724138,20.09310345
"871","20/05/2009",2.496551724,21.99655172
"872","21/05/2009",35.3862069,19.12758621
"873","22/05/2009",26.2137931,11.8137931
"874","23/05/2009",33.60689655,13.3
"875","24/05/2009",2.131034483,15.1862069
"876","25/05/2009",0.510344828,16.95172414
"877","26/05/2009",0,19.1862069
"878","27/05/2009",0.110344828,19.93103448
"879","28/05/2009",0,19.64482759
"880","29/05/2009",0,21.26551724
"881","30/05/2009",0,20.46551724
"882","31/05/2009",7.027586207,19.74137931
"883","1/06/2009",0.413793103,22.18965517
"884","2/06/2009",1.434482759,18.5
"885","3/06/2009",0.951724138,15.35862069
"886","4/06/2009",14.17241379,15.20689655
"887","5/06/2009",4.696551724,15.98965517
"888","6/06/2009",3.551724138,14.08965517
"889","7/06/2009",0.531034483,15.91034483
"890","8/06/2009",0.862068966,17.38275862
"891","9/06/2009",0.2,18.44482759
"892","10/06/2009",11.04137931,20.23793103
"893","11/06/2009",10.86206897,13.96206897
"894","12/06/2009",5.227586207,13.35172414
"895","13/06/2009",1.462068966,14.91724138
"896","14/06/2009",0,15.92068966
"897","15/06/2009",7.675862069,17.22068966
"898","16/06/2009",10.32413793,16.67931034
"899","17/06/2009",1.972413793,17.96551724
"900","18/06/2009",4.282758621,18.15862069
"901","19/06/2009",19.91034483,11.96896552
"902","20/06/2009",18.95172414,14.91034483
"903","21/06/2009",20.83448276,11.54137931
"904","22/06/2009",6.737931034,12.63103448
"905","23/06/2009",0.110344828,11.07241379
"906","24/06/2009",5.131034483,12.31724138
"907","25/06/2009",2.282758621,17.64482759
"908","26/06/2009",0.668965517,15.46206897
"909","27/06/2009",11.50344828,14.21724138
"910","28/06/2009",18.62068966,16.03103448
"911","29/06/2009",28.96551724,9.506896552
"912","30/06/2009",23.17241379,13.02068966
"913","1/07/2009",5.882758621,14.33103448
"914","2/07/2009",0.510344828,16.20689655
"915","3/07/2009",0.110344828,14.32758621
"916","4/07/2009",0.089655172,16.08965517
"917","5/07/2009",0,18.46206897
"918","6/07/2009",0.779310345,15.6862069
"919","7/07/2009",7.434482759,17.04137931
"920","8/07/2009",2.806896552,17.4862069
"921","9/07/2009",11.46206897,17.54137931
"922","10/07/2009",13.24827586,12.91034483
"923","11/07/2009",5.227586207,13.50689655
"924","12/07/2009",0.331034483,13.83103448
"925","13/07/2009",0,15.06551724
"926","14/07/2009",0,15.09655172
"927","15/07/2009",0.089655172,19.53103448
"928","16/07/2009",7.303448276,13.98965517
"929","17/07/2009",30.66206897,14.16206897
"930","18/07/2009",2.4,16.55172414
"931","19/07/2009",49.6137931,13.80689655
"932","20/07/2009",29.57241379,11.0862069
"933","21/07/2009",16.22758621,14.35172414
"934","22/07/2009",0.620689655,15.92068966
"935","23/07/2009",22.4137931,12.24137931
"936","24/07/2009",1.2,13.65862069
"937","25/07/2009",10.67586207,12.70689655
"938","26/07/2009",0.234482759,14.62068966
"939","27/07/2009",0.496551724,14.77586207
"940","28/07/2009",0.255172414,13.49655172
"941","29/07/2009",0,15.96551724
"942","30/07/2009",0,17.1
"943","31/07/2009",0.055172414,18.04137931
"944","1/08/2009",0.144827586,17.60689655
"945","2/08/2009",1.793103448,17.45517241
"946","3/08/2009",0.64137931,18.37586207
"947","4/08/2009",0.586206897,18.95517241
"948","5/08/2009",0.379310345,16.38275862
"949","6/08/2009",15.89655172,15.27241379
"950","7/08/2009",0,18.46551724
"951","8/08/2009",0.2,18.23103448
"952","9/08/2009",0.8,16.32068966
"953","10/08/2009",0.165517241,15.72068966
"954","11/08/2009",7.151724138,15.50689655
"955","12/08/2009",6.310344828,16.71724138
"956","13/08/2009",3.510344828,18.25172414
"957","14/08/2009",9.186206897,16.25172414
"958","15/08/2009",22.57931034,11.32758621
"959","16/08/2009",8.565517241,16.43448276
"960","17/08/2009",5.289655172,17.06206897
"961","18/08/2009",10.8137931,16.41034483
"962","19/08/2009",1.282758621,15.59310345
"963","20/08/2009",6.4,13.02068966
"964","21/08/2009",1.103448276,14.48965517
"965","22/08/2009",4.903448276,13.59655172
"966","23/08/2009",9.710344828,12.19655172
"967","24/08/2009",4.489655172,15.21034483
"968","25/08/2009",2.331034483,15.7137931
"969","26/08/2009",0.4,14.26206897
"970","27/08/2009",0.64137931,14.62068966
"971","28/08/2009",5.413793103,11.60689655
"972","29/08/2009",2.84137931,13.70344828
"973","30/08/2009",1.531034483,14.93448276
"974","31/08/2009",1.462068966,16.63103448
"975","1/09/2009",8.6,16.51034483
"976","2/09/2009",11.79310345,12.75517241
"977","3/09/2009",1.731034483,13.17241379
"978","4/09/2009",0,16.33448276
"979","5/09/2009",11.68275862,10.82068966
"980","6/09/2009",8.096551724,16
"981","7/09/2009",0.779310345,17.00689655
"982","8/09/2009",14.0137931,16.6862069
"983","9/09/2009",2.648275862,16.93103448
"984","10/09/2009",8.110344828,14.68965517
"985","11/09/2009",27.76551724,13.88965517
"986","12/09/2009",14.4,13.25172414
"987","13/09/2009",6.931034483,15.31724138
"988","14/09/2009",2.344827586,17.23793103
"989","15/09/2009",8.193103448,13.89655172
"990","16/09/2009",2.020689655,16.74827586
"991","17/09/2009",1.510344828,16.67586207
"992","18/09/2009",16.93793103,14.9
"993","19/09/2009",3.2,15.15172414
"994","20/09/2009",1.2,15.35517241
"995","21/09/2009",23.53793103,11.55862069
"996","22/09/2009",11.11034483,15.35172414
"997","23/09/2009",2.531034483,17.93793103
"998","24/09/2009",2.503448276,14.13448276
"999","25/09/2009",0.55862069,15.2862069
"1000","26/09/2009",0,17.87586207
"1001","27/09/2009",0,22.73103448
"1002","28/09/2009",11.27586207,14.26206897
"1003","29/09/2009",11.06206897,11.04827586
"1004","30/09/2009",12.67586207,13.22758621
"1005","1/10/2009",2.820689655,15.68275862
"1006","2/10/2009",0.144827586,17.64137931
"1007","3/10/2009",1.537931034,14.95517241
"1008","4/10/2009",0.089655172,15.10689655
"1009","5/10/2009",0,18.2862069
"1010","6/10/2009",0,16.36896552
"1011","7/10/2009",0.751724138,19.93103448
"1012","8/10/2009",0.4,21.1
"1013","9/10/2009",0,19.58965517
"1014","10/10/2009",0.489655172,17.8137931
"1015","11/10/2009",7.337931034,13.13793103
"1016","12/10/2009",6.103448276,15.53103448
"1017","13/10/2009",0.579310345,16.27931034
"1018","14/10/2009",0.110344828,17.66551724
"1019","15/10/2009",0,21.35517241
"1020","16/10/2009",0,24.22413793
"1021","17/10/2009",0.110344828,31.11034483
"1022","18/10/2009",0,23.71034483
"1023","19/10/2009",0.089655172,18.60344828
"1024","20/10/2009",0.110344828,15.86896552
"1025","21/10/2009",0,21.53448276
"1026","22/10/2009",0,18.24827586
"1027","23/10/2009",0,15.94482759
"1028","24/10/2009",0,21.98965517
"1029","25/10/2009",0,29.02413793
"1030","26/10/2009",0,29.12413793
"1031","27/10/2009",1.331034483,24.55862069
"1032","28/10/2009",0.110344828,18.99655172
"1033","29/10/2009",10.57931034,19.10689655
"1034","30/10/2009",0.420689655,20.28275862
"1035","31/10/2009",0.365517241,16.27586207
"1036","1/11/2009",0.379310345,18.22413793
"1037","2/11/2009",0,20.86551724
"1038","3/11/2009",0,24.65862069
"1039","4/11/2009",0,26.12068966
"1040","5/11/2009",0,29.10344828
"1041","6/11/2009",1.027586207,25.85517241
"1042","7/11/2009",1.55862069,21.72413793
"1043","8/11/2009",1.324137931,21.55172414
"1044","9/11/2009",0.055172414,25.99310345
"1045","10/11/2009",0,29.93793103
"1046","11/11/2009",0,30.44482759
"1047","12/11/2009",6.710344828,23.15172414
"1048","13/11/2009",26.25517241,23.79655172
"1049","14/11/2009",0.179310345,22.26896552
"1050","15/11/2009",0,25.17586207
"1051","16/11/2009",0.089655172,23.22758621
"1052","17/11/2009",0.496551724,21.45172414
"1053","18/11/2009",13.11724138,19.40344828
"1054","19/11/2009",12.17931034,14.54482759
"1055","20/11/2009",11.94482759,16.33103448
"1056","21/11/2009",0.055172414,16.96206897
"1057","22/11/2009",1.606896552,25.28965517
"1058","23/11/2009",0.089655172,30.1
"1059","24/11/2009",0,32.44482759
"1060","25/11/2009",1,19.50689655
"1061","26/11/2009",4.006896552,15.61034483
"1062","27/11/2009",0,16.6862069
"1063","28/11/2009",0,26.12758621
"1064","29/11/2009",0,22.12758621
"1065","30/11/2009",0,24.34137931
"1066","1/12/2009",0,21.63448276
"1067","2/12/2009",0.531034483,20.14482759
"1068","3/12/2009",0.055172414,23.10689655
"1069","4/12/2009",0,28.31724138
"1070","5/12/2009",0,28.25517241
"1071","6/12/2009",0,21.88965517
"1072","7/12/2009",0.110344828,22.08965517
"1073","8/12/2009",0,21.32413793
"1074","9/12/2009",0.44137931,21.26896552
"1075","10/12/2009",0.089655172,22.04482759
"1076","11/12/2009",0,28.10344828
"1077","12/12/2009",0,33.45862069
"1078","13/12/2009",0,35.90689655
"1079","14/12/2009",0,27.48965517
"1080","15/12/2009",0.331034483,20.60344828
"1081","16/12/2009",0,19.82413793
"1082","17/12/2009",0,22.20344828
"1083","18/12/2009",0,28.94827586
"1084","19/12/2009",0,31.49310345
"1085","20/12/2009",0,24.87241379
"1086","21/12/2009",0,25.66206897
"1087","22/12/2009",0,27.37586207
"1088","23/12/2009",0,21.62413793
"1089","24/12/2009",0,25.57586207
"1090","25/12/2009",0,30.12758621
"1091","26/12/2009",0,28.29310345
"1092","27/12/2009",0,27.55862069
"1093","28/12/2009",0,35.30689655
"1094","29/12/2009",0.275862069,28.57586207
"1095","30/12/2009",3.793103448,19.47586207
"1096","31/12/2009",0.737931034,23.94137931
"1097","1/01/2010",0,23.26896552
"1098","2/01/2010",0,30.13448276
"1099","3/01/2010",0,32.25517241
"1100","4/01/2010",0,24.39655172
"1101","5/01/2010",0,30.8137931
"1102","6/01/2010",0,35.75172414
"1103","7/01/2010",0.551724138,24.20689655
"1104","8/01/2010",0.089655172,28.75862069
"1105","9/01/2010",0,32.87931034
"1106","10/01/2010",0.310344828,22.52413793
"1107","11/01/2010",0,23.45862069
"1108","12/01/2010",0.310344828,26.13448276
"1109","13/01/2010",0,31.24482759
"1110","14/01/2010",0,29.00689655
"1111","15/01/2010",0,23.72758621
"1112","16/01/2010",0,31.5
"1113","17/01/2010",0,38.67586207
"1114","18/01/2010",0,38.97931034
"1115","19/01/2010",0,28.88965517
"1116","20/01/2010",0.275862069,18.00689655
"1117","21/01/2010",0.324137931,23.05862069
"1118","22/01/2010",0,25.95862069
"1119","23/01/2010",0,28.66206897
"1120","24/01/2010",0.089655172,29.57586207
"1121","25/01/2010",1.110344828,19
"1122","26/01/2010",0.089655172,23.93448276
"1123","27/01/2010",0,27.1
"1124","28/01/2010",0,29.4137931
"1125","29/01/2010",0,33.74827586
"1126","30/01/2010",0,24.35517241
"1127","31/01/2010",0.420689655,25.99310345
"1128","1/02/2010",0,30.21724138
"1129","2/02/2010",0.655172414,18
"1130","3/02/2010",0.055172414,20.93448276
"1131","4/02/2010",0,25.55517241
"1132","5/02/2010",0,29.57931034
"1133","6/02/2010",0,23.73103448
"1134","7/02/2010",0.331034483,26.03793103
"1135","8/02/2010",0,32.82758621
"1136","9/02/2010",0,33.34482759
"1137","10/02/2010",0,26.17241379
"1138","11/02/2010",0,28.60344828
"1139","12/02/2010",0,25.35172414
"1140","13/02/2010",0,29.71724138
"1141","14/02/2010",0,33.84827586
"1142","15/02/2010",0,29.81724138
"1143","16/02/2010",0.862068966,22.86896552
"1144","17/02/2010",0.165517241,27.48275862
"1145","18/02/2010",0.089655172,35.02758621
"1146","19/02/2010",0,23.73448276
"1147","20/02/2010",0,22.77931034
"1148","21/02/2010",0.455172414,23.88275862
"1149","22/02/2010",0.089655172,29.76551724
"1150","23/02/2010",0,31.22413793
"1151","24/02/2010",0,33.37931034
"1152","25/02/2010",0,36.35862069
"1153","26/02/2010",0,32.94827586
"1154","27/02/2010",0,32.82413793
"1155","28/02/2010",0,33.44482759
"1156","1/03/2010",0,36.41034483
"1157","2/03/2010",0,28.25517241
"1158","3/03/2010",0,24.25517241
"1159","4/03/2010",0.110344828,21.34827586
"1160","5/03/2010",0,20.66551724
"1161","6/03/2010",0,23.41034483
"1162","7/03/2010",0,28.13448276
"1163","8/03/2010",0,26.09310345
"1164","9/03/2010",0,28.6
"1165","10/03/2010",0,30.94482759
"1166","11/03/2010",0,35.04137931
"1167","12/03/2010",0,38.17931034
"1168","13/03/2010",0,30.42758621
"1169","14/03/2010",3.786206897,25.50344828
"1170","15/03/2010",0.255172414,24.33793103
"1171","16/03/2010",0.510344828,21.42068966
"1172","17/03/2010",0,25.45862069
"1173","18/03/2010",0,24.53793103
"1174","19/03/2010",0,22.49310345
"1175","20/03/2010",0,26.36551724
"1176","21/03/2010",0.089655172,27.98965517
"1177","22/03/2010",0.089655172,23.5
"1178","23/03/2010",6.268965517,31.53448276
"1179","24/03/2010",0,27.14827586
"1180","25/03/2010",0,24.27586207
"1181","26/03/2010",0,19.81034483
"1182","27/03/2010",0.089655172,20.51034483
"1183","28/03/2010",2.64137931,22.17586207
"1184","29/03/2010",0,25.13448276
"1185","30/03/2010",0,30.15517241
"1186","31/03/2010",1.420689655,17.54137931
"1187","1/04/2010",0,20.67586207
"1188","2/04/2010",0,25.71034483
"1189","3/04/2010",6.772413793,20.91034483
"1190","4/04/2010",7.875862069,19.04482759
"1191","5/04/2010",3.917241379,22.59655172
"1192","6/04/2010",0,21.33448276
"1193","7/04/2010",0.806896552,24.04482759
"1194","8/04/2010",0.089655172,24.17931034
"1195","9/04/2010",0.310344828,20
"1196","10/04/2010",1.24137931,19.17931034
"1197","11/04/2010",0.2,24.02413793
"1198","12/04/2010",3.144827586,17.27241379
"1199","13/04/2010",0.979310345,22.44827586
"1200","14/04/2010",4.937931034,19.4862069
"1201","15/04/2010",10.77241379,20.62068966
"1202","16/04/2010",1.275862069,22.55172414
"1203","17/04/2010",0.089655172,22.26896552
"1204","18/04/2010",0,26.6
"1205","19/04/2010",0,26.58275862
"1206","20/04/2010",0.144827586,23.88965517
"1207","21/04/2010",0.331034483,17.1137931
"1208","22/04/2010",2.717241379,19.54482759
"1209","23/04/2010",1.4,18.48965517
"1210","24/04/2010",0.055172414,20.63448276
"1211","25/04/2010",0,22.48275862
"1212","26/04/2010",3.15862069,19.51034483
"1213","27/04/2010",0,21.27931034
"1214","28/04/2010",0.089655172,23.49655172
"1215","29/04/2010",0,25.78275862
"1216","30/04/2010",0,21.0862069
"1217","1/05/2010",5.082758621,17.7862069
"1218","2/05/2010",0,19.31724138
"1219","3/05/2010",2.751724138,17.43793103
"1220","4/05/2010",0,18.46551724
"1221","5/05/2010",0,21.00344828
"1222","6/05/2010",0.089655172,20.54827586
"1223","7/05/2010",0.510344828,22.8137931
"1224","8/05/2010",0.289655172,20.17931034
"1225","9/05/2010",1.089655172,17.08965517
"1226","10/05/2010",1.124137931,14.32758621
"1227","11/05/2010",0.089655172,18.72068966
"1228","12/05/2010",0,20.4
"1229","13/05/2010",17.42758621,14.28275862
"1230","14/05/2010",1.172413793,14.67241379
"1231","15/05/2010",0.055172414,15.13448276
"1232","16/05/2010",0.4,18.16206897
"1233","17/05/2010",0.84137931,19.63103448
"1234","18/05/2010",0,20.63448276
"1235","19/05/2010",0,19.92068966
"1236","20/05/2010",0.089655172,22.43103448
"1237","21/05/2010",0.089655172,25.04482759
"1238","22/05/2010",3.910344828,18.94827586
"1239","23/05/2010",7.372413793,13.55517241
"1240","24/05/2010",1.737931034,14.87586207
"1241","25/05/2010",0.110344828,17.53103448
"1242","26/05/2010",1.248275862,17.84137931
"1243","27/05/2010",27.64827586,15.46206897
"1244","28/05/2010",8.896551724,15.94482759
"1245","29/05/2010",3.048275862,17.56896552
"1246","30/05/2010",0.089655172,19.17241379
"1247","31/05/2010",10.20689655,16.41034483
"1248","1/06/2010",4.620689655,17.53103448
"1249","2/06/2010",0.089655172,18.62068966
"1250","3/06/2010",0.420689655,17.0862069
"1251","4/06/2010",0.8,15.2
"1252","5/06/2010",1.6,16.05172414
"1253","6/06/2010",0.144827586,19.73103448
"1254","7/06/2010",0.110344828,16.50689655
"1255","8/06/2010",5.648275862,13.42758621
"1256","9/06/2010",0,14.63103448
"1257","10/06/2010",0.089655172,16.4862069
"1258","11/06/2010",0,17.50689655
"1259","12/06/2010",0,19.87586207
"1260","13/06/2010",0,20.58965517
"1261","14/06/2010",9.027586207,16.47586207
"1262","15/06/2010",0.110344828,12.36551724
"1263","16/06/2010",3.572413793,16.03103448
"1264","17/06/2010",2.324137931,16.73448276
"1265","18/06/2010",3.296551724,17.6862069
"1266","19/06/2010",0.820689655,17.65862069
"1267","20/06/2010",0,19.46206897
"1268","21/06/2010",0,20.46551724
"1269","22/06/2010",0.089655172,17.96551724
"1270","23/06/2010",17.30344828,13.13103448
"1271","24/06/2010",7.875862069,12.35172414
"1272","25/06/2010",0.917241379,14.50689655
"1273","26/06/2010",0.2,14.53103448
"1274","27/06/2010",1.372413793,14.91034483
"1275","28/06/2010",3.503448276,14.39655172
"1276","29/06/2010",1.696551724,14.40689655
"1277","30/06/2010",0.331034483,15.70689655
"1278","1/07/2010",0,16.25172414
"1279","2/07/2010",8.868965517,13.1862069
"1280","3/07/2010",1.593103448,12.87241379
"1281","4/07/2010",0.820689655,14.73793103
"1282","5/07/2010",0,15.16551724
"1283","6/07/2010",0,13.52068966
"1284","7/07/2010",0,16.66551724
"1285","8/07/2010",0.331034483,15
"1286","9/07/2010",27.77241379,13.0862069
"1287","10/07/2010",10.71724138,14.97586207
"1288","11/07/2010",0.820689655,17.33793103
"1289","12/07/2010",23.53103448,11.4137931
"1290","13/07/2010",9.6,14.94137931
"1291","14/07/2010",0.944827586,16.77586207
"1292","15/07/2010",0.089655172,17.75172414
"1293","16/07/2010",1.951724138,15.35862069
"1294","17/07/2010",7.227586207,13.6862069
"1295","18/07/2010",3.586206897,14.32758621
"1296","19/07/2010",6.503448276,14.76206897
"1297","20/07/2010",1.517241379,15.76551724
"1298","21/07/2010",0.089655172,16.85172414
"1299","22/07/2010",0,18.13103448
"1300","23/07/2010",0,18.66551724
"1301","24/07/2010",0,16.69655172
"1302","25/07/2010",0,19.32068966
"1303","26/07/2010",7.8,16.76551724
"1304","27/07/2010",1.855172414,15.74137931
"1305","28/07/2010",8.813793103,14.22758621
"1306","29/07/2010",10.62068966,13.16551724
"1307","30/07/2010",1.24137931,15.59655172
"1308","31/07/2010",3.703448276,16.77241379
"1309","1/08/2010",0.889655172,18.45517241
"1310","2/08/2010",0.089655172,20.72068966
"1311","3/08/2010",0.089655172,18.37931034
"1312","4/08/2010",0,20.57586207
"1313","5/08/2010",1.379310345,18.33448276
"1314","6/08/2010",2.420689655,14.09655172
"1315","7/08/2010",0.144827586,14.72413793
"1316","8/08/2010",4.027586207,13.53103448
"1317","9/08/2010",0.089655172,14.17586207
"1318","10/08/2010",0,17.76551724
"1319","11/08/2010",0,21.13448276
"1320","12/08/2010",8.289655172,16.15862069
"1321","13/08/2010",15.93103448,15.59655172
"1322","14/08/2010",2.420689655,14.14137931
"1323","15/08/2010",0.089655172,18.11034483
"1324","16/08/2010",0,18.18965517
"1325","17/08/2010",0,16.35862069
"1326","18/08/2010",11.57931034,11.91724138
"1327","19/08/2010",2.593103448,13.91034483
"1328","20/08/2010",2.951724138,15.46206897
"1329","21/08/2010",0.862068966,15.95517241
"1330","22/08/2010",11.84137931,13.23103448
"1331","23/08/2010",1.268965517,14.16896552
"1332","24/08/2010",4.4,12.67586207
"1333","25/08/2010",0.772413793,13.86206897
"1334","26/08/2010",0,13.77241379
"1335","27/08/2010",0,16.27931034
"1336","28/08/2010",0.089655172,20.10344828
"1337","29/08/2010",0.220689655,15.74137931
"1338","30/08/2010",1.179310345,16.29655172
"1339","31/08/2010",1.151724138,16
"1340","1/09/2010",1.924137931,13.82068966
"1341","2/09/2010",1.84137931,14.6
"1342","3/09/2010",0.820689655,16.44137931
"1343","4/09/2010",3.896551724,16.47586207
"1344","5/09/2010",0,16.05517241
"1345","6/09/2010",0.089655172,17.85517241
"1346","7/09/2010",0.620689655,16.73103448
"1347","8/09/2010",24.51034483,13.93448276
"1348","9/09/2010",8.951724138,13.95172414
"1349","10/09/2010",0.689655172,13.24137931
"1350","11/09/2010",0,16.04482759
"1351","12/09/2010",10.48965517,12.59655172
"1352","13/09/2010",0.848275862,14.48965517
"1353","14/09/2010",0,15.01034483
"1354","15/09/2010",0.089655172,17.79655172
"1355","16/09/2010",0,18.38965517
"1356","17/09/2010",0,17.82068966
"1357","18/09/2010",0,16.41034483
"1358","19/09/2010",0,19.95517241
"1359","20/09/2010",0,21.71034483
"1360","21/09/2010",0,23.53103448
"1361","22/09/2010",0,24.72068966
"1362","23/09/2010",0,25.58965517
"1363","24/09/2010",0,20.38275862
"1364","25/09/2010",0,21.72758621
"1365","26/09/2010",0,19.40344828
"1366","27/09/2010",0.848275862,16.80689655
"1367","28/09/2010",0,21.26551724
"1368","29/09/2010",0,23.45517241
"1369","30/09/2010",0,24.93448276
"1370","1/10/2010",0,25.08965517
"1371","2/10/2010",0.268965517,17.72413793
"1372","3/10/2010",1.220689655,18.50344828
"1373","4/10/2010",1.04137931,18.84827586
"1374","5/10/2010",1.020689655,18.7137931
"1375","6/10/2010",1.393103448,19.05517241
"1376","7/10/2010",0,24.5
"1377","8/10/2010",0,27.54482759
"1378","9/10/2010",0,26.17241379
"1379","10/10/2010",3.303448276,14.23448276
"1380","11/10/2010",8.675862069,16.22758621
"1381","12/10/2010",0.144827586,19.32068966
"1382","13/10/2010",0,18.2137931
"1383","14/10/2010",1.951724138,14.7
"1384","15/10/2010",0.089655172,20.75517241
"1385","16/10/2010",0,23.32068966
"1386","17/10/2010",0,26.35172414
"1387","18/10/2010",0,28.45172414
"1388","19/10/2010",0,26.94482759
"1389","20/10/2010",0.662068966,20.76551724
"1390","21/10/2010",11.77241379,17.74827586
"1391","22/10/2010",1.95862069,17.94482759
"1392","23/10/2010",0.551724138,20.66896552
"1393","24/10/2010",0,21.4137931
"1394","25/10/2010",0,21.85862069
"1395","26/10/2010",0,27.74137931
"1396","27/10/2010",0,19.27241379
"1397","28/10/2010",2.351724138,16.38965517
"1398","29/10/2010",3.124137931,16.3137931
"1399","30/10/2010",0,21.22413793
"1400","31/10/2010",0,25.8137931
"1401","1/11/2010",0,28.18275862
"1402","2/11/2010",0,32.07931034
"1403","3/11/2010",0,34.37931034
"1404","4/11/2010",0,22.12758621
"1405","5/11/2010",3.606896552,18.45862069
"1406","6/11/2010",1.813793103,20.53793103
"1407","7/11/2010",0.089655172,20.22413793
"1408","8/11/2010",0,27.25862069
"1409","9/11/2010",1.6,19.21034483
"1410","10/11/2010",12.68275862,17.99655172
"1411","11/11/2010",8.848275862,16.26551724
"1412","12/11/2010",1.393103448,16.27586207
"1413","13/11/2010",0.055172414,19.54482759
"1414","14/11/2010",0.089655172,19.35862069
"1415","15/11/2010",0,21.47931034
"1416","16/11/2010",0,25.54827586
"1417","17/11/2010",0,28.90344828
"1418","18/11/2010",0,33.17931034
"1419","19/11/2010",0,35.93793103
"1420","20/11/2010",0,34.8137931
"1421","21/11/2010",0,28.1862069
"1422","22/11/2010",4.24137931,19.28965517
"1423","23/11/2010",2.317241379,20.46206897
"1424","24/11/2010",0,23.31724138
"1425","25/11/2010",0,22.45862069
"1426","26/11/2010",0.662068966,22.05862069
"1427","27/11/2010",0,26.75862069
"1428","28/11/2010",0,31.77931034
"1429","29/11/2010",0,34.6
"1430","30/11/2010",0,34.06206897
"1431","1/12/2010",0,21.54827586
"1432","2/12/2010",0.055172414,20.00689655
"1433","3/12/2010",6.262068966,17.69310345
"1434","4/12/2010",7.303448276,18.90344828
"1435","5/12/2010",5.262068966,19.83448276
"1436","6/12/2010",0.668965517,19.6
"1437","7/12/2010",3.931034483,20.0137931
"1438","8/12/2010",1.420689655,20.34827586
"1439","9/12/2010",2.724137931,18.3
"1440","10/12/2010",0,21.12758621
"1441","11/12/2010",0,22.50689655
"1442","12/12/2010",0,30.72758621
"1443","13/12/2010",0,22.74137931
"1444","14/12/2010",0,20.93793103
"1445","15/12/2010",0,23.80344828
"1446","16/12/2010",0,24.30689655
"1447","17/12/2010",0,22.58275862
"1448","18/12/2010",0,24.68275862
"1449","19/12/2010",0,27.9
"1450","20/12/2010",0,21.76206897
"1451","21/12/2010",6.572413793,24.15172414
"1452","22/12/2010",0.772413793,27.51034483
"1453","23/12/2010",0,32.83793103
"1454","24/12/2010",0.44137931,32.7862069
"1455","25/12/2010",0,25.93448276
"1456","26/12/2010",0.055172414,28.78275862
"1457","27/12/2010",0,32.92758621
"1458","28/12/2010",0,25.03793103
"1459","29/12/2010",0,30.03103448
"1460","30/12/2010",0,26.94137931
"1461","31/12/2010",0,24.67241379
"1462","1/01/2011",0,28.30689655
"1463","2/01/2011",0,33.4862069
"1464","3/01/2011",0,34.47586207
"1465","4/01/2011",0,34.96551724
"1466","5/01/2011",0,32.4137931
"1467","6/01/2011",16.31724138,23.44827586
"1468","7/01/2011",0.710344828,22.64827586
"1469","8/01/2011",0.35862069,26.65172414
"1470","9/01/2011",0,34.37931034
"1471","10/01/2011",0,32.54482759
"1472","11/01/2011",0,32
"1473","12/01/2011",0,34.6
"1474","13/01/2011",0,33.93103448
"1475","14/01/2011",0.275862069,23.7
"1476","15/01/2011",0,24.14827586
"1477","16/01/2011",0,31.6
"1478","17/01/2011",0,31.82413793
"1479","18/01/2011",0,29.40344828
"1480","19/01/2011",0,27.93103448
"1481","20/01/2011",0.110344828,23.99310345
"1482","21/01/2011",0,31.57586207
"1483","22/01/2011",0,31.75517241
"1484","23/01/2011",0.220689655,18.47586207
"1485","24/01/2011",20.49655172,18.32413793
"1486","25/01/2011",2.4,22.55517241
"1487","26/01/2011",1.731034483,25.39310345
"1488","27/01/2011",0,31.77241379
"1489","28/01/2011",2.131034483,32.19310345
"1490","29/01/2011",9.965517241,26.74482759
"1491","30/01/2011",14.6137931,24.02413793
"1492","31/01/2011",4.475862069,18.24482759
"1493","1/02/2011",0.6,25.72068966
"1494","2/02/2011",0,25.46896552
"1495","3/02/2011",0,30.22758621
"1496","4/02/2011",0,20.98275862
"1497","5/02/2011",0,22.05862069
"1498","6/02/2011",0,24.18965517
"1499","7/02/2011",0,28.17931034
"1500","8/02/2011",5.979310345,25.09655172
"1501","9/02/2011",0,29.76896552
"1502","10/02/2011",0.496551724,23.72413793
"1503","11/02/2011",0.089655172,25.7
"1504","12/02/2011",0,25.33103448
"1505","13/02/2011",0,28.61034483
"1506","14/02/2011",0,31.0862069
"1507","15/02/2011",0,32.36896552
"1508","16/02/2011",0,30.8137931
"1509","17/02/2011",0,25.87931034
"1510","18/02/2011",0,30.81034483
"1511","19/02/2011",0,26.12758621
"1512","20/02/2011",0,28.41034483
"1513","21/02/2011",0,34
"1514","22/02/2011",0,35.67931034
"1515","23/02/2011",0,32.56551724
"1516","24/02/2011",0,34.54482759
"1517","25/02/2011",0,36.87586207
"1518","26/02/2011",0,33.85172414
"1519","27/02/2011",0,34.37586207
"1520","28/02/2011",2.406896552,24.31724138
"1521","1/03/2011",0.324137931,29.40344828
"1522","2/03/2011",0,29.3
"1523","3/03/2011",0,31.68965517
"1524","4/03/2011",0,34.4
"1525","5/03/2011",0,26.35172414
"1526","6/03/2011",0.972413793,22.58965517
"1527","7/03/2011",1.379310345,23.85862069
"1528","8/03/2011",0,25.84482759
"1529","9/03/2011",0,29.2137931
"1530","10/03/2011",0,30.63103448
"1531","11/03/2011",2.234482759,22.5
"1532","12/03/2011",0.531034483,21.87931034
"1533","13/03/2011",0,26.54482759
"1534","14/03/2011",0,30.01034483
"1535","15/03/2011",0,29.5
"1536","16/03/2011",0,29.04482759
"1537","17/03/2011",0.089655172,28.23448276
"1538","18/03/2011",0.089655172,28.38275862
"1539","19/03/2011",0,24.80344828
"1540","20/03/2011",0.220689655,21.55172414
"1541","21/03/2011",0,27.74482759
"1542","22/03/2011",0.44137931,30.07931034
"1543","23/03/2011",0,26.74827586
"1544","24/03/2011",0,30.43103448
"1545","25/03/2011",0.089655172,33.09655172
"1546","26/03/2011",0,34.18965517
"1547","27/03/2011",0,33.04482759
"1548","28/03/2011",0,26.95862069
"1549","29/03/2011",0,23.02068966
"1550","30/03/2011",0,27.81034483
"1551","31/03/2011",0,28.02413793
"1552","1/04/2011",0,28.63103448
"1553","2/04/2011",0,28.32068966
"1554","3/04/2011",0.089655172,29.74482759
"1555","4/04/2011",0,31.97586207
"1556","5/04/2011",0,33.56551724
"1557","6/04/2011",0,28.64827586
"1558","7/04/2011",7.84137931,17.5862069
"1559","8/04/2011",10.95172414,18.86551724
"1560","9/04/2011",0,21.88965517
"1561","10/04/2011",0,24.76551724
"1562","11/04/2011",8.089655172,21.56206897
"1563","12/04/2011",5.337931034,20.24482759
"1564","13/04/2011",4.979310345,21.23103448
"1565","14/04/2011",0.055172414,23.4
"1566","15/04/2011",0.089655172,27.08965517
"1567","16/04/2011",0,32.07931034
"1568","17/04/2011",0,22.57241379
"1569","18/04/2011",0.179310345,20.45517241
"1570","19/04/2011",0,21.52068966
"1571","20/04/2011",0,22.50689655
"1572","21/04/2011",0,22.65517241
"1573","22/04/2011",0,26.46896552
"1574","23/04/2011",0.089655172,27.93103448
"1575","24/04/2011",8.813793103,23.00689655
"1576","25/04/2011",6.586206897,18.76551724
"1577","26/04/2011",2.951724138,21.97241379
"1578","27/04/2011",7.8,18.92758621
"1579","28/04/2011",9.889655172,15.60344828
"1580","29/04/2011",7.606896552,19.23103448
"1581","30/04/2011",0.055172414,20.25862069
"1582","1/05/2011",2.420689655,20.45517241
"1583","2/05/2011",1.303448276,20.7862069
"1584","3/05/2011",0.089655172,22.06896552
"1585","4/05/2011",0,24.52068966
"1586","5/05/2011",0,17.4
"1587","6/05/2011",7.627586207,17.08965517
"1588","7/05/2011",0.089655172,20.2
"1589","8/05/2011",0,24
"1590","9/05/2011",1.213793103,19.85517241
"1591","10/05/2011",0.2,20.09655172
"1592","11/05/2011",0.089655172,19.92413793
"1593","12/05/2011",0,19.8
"1594","13/05/2011",0,20.26551724
"1595","14/05/2011",0,20.83448276
"1596","15/05/2011",0,18.55172414
"1597","16/05/2011",0.179310345,22.22413793
"1598","17/05/2011",1.131034483,19.70344828
"1599","18/05/2011",8.593103448,18.65517241
"1600","19/05/2011",0.144827586,21.54482759
"1601","20/05/2011",12.11034483,14.76551724
"1602","21/05/2011",19.46206897,15.92758621
"1603","22/05/2011",1.820689655,17.08965517
"1604","23/05/2011",1.351724138,17.37241379
"1605","24/05/2011",0.344827586,17.86551724
"1606","25/05/2011",0,18.42758621
"1607","26/05/2011",0,19.04482759
"1608","27/05/2011",0,18.26551724
"1609","28/05/2011",0,21.9
"1610","29/05/2011",0,20.99310345
"1611","30/05/2011",13.51724138,19.27931034
"1612","31/05/2011",2.6,19
"1613","1/06/2011",0.255172414,19.95172414
"1614","2/06/2011",24.15172414,16.24137931
"1615","3/06/2011",6.813793103,15.4862069
"1616","4/06/2011",1.255172414,16.44137931
"1617","5/06/2011",0,17.57586207
"1618","6/06/2011",0.2,16.14137931
"1619","7/06/2011",0.089655172,16.6862069
"1620","8/06/2011",0,17.27931034
"1621","9/06/2011",0.089655172,17.11034483
"1622","10/06/2011",0,16.74137931
"1623","11/06/2011",0,17.54137931
"1624","12/06/2011",0,18.91034483
"1625","13/06/2011",0,14.0862069
"1626","14/06/2011",3.544827586,15.45517241
"1627","15/06/2011",3.248275862,15.62413793
"1628","16/06/2011",11.19310345,16.9862069
"1629","17/06/2011",1.703448276,18.82068966
"1630","18/06/2011",1.131034483,17.67931034
"1631","19/06/2011",5.606896552,18.1
"1632","20/06/2011",4.944827586,16.52068966
"1633","21/06/2011",4.24137931,16.85517241
"1634","22/06/2011",0.055172414,18.18275862
"1635","23/06/2011",1.068965517,19.29655172
"1636","24/06/2011",0.703448276,17.85172414
"1637","25/06/2011",35.86896552,16.00689655
"1638","26/06/2011",1.04137931,17.58965517
"1639","27/06/2011",0.110344828,19.15517241
"1640","28/06/2011",13.84827586,16.84137931
"1641","29/06/2011",4.544827586,15.42068966
"1642","30/06/2011",0.531034483,13.7
"1643","1/07/2011",20.91034483,13.45517241
"1644","2/07/2011",16.2,10.99655172
"1645","3/07/2011",15.8,11.67586207
"1646","4/07/2011",3.420689655,13.63793103
"1647","5/07/2011",1.979310345,13.57931034
"1648","6/07/2011",1.993103448,14.1862069
"1649","7/07/2011",1.110344828,14.63103448
"1650","8/07/2011",0.089655172,13.17586207
"1651","9/07/2011",0.420689655,14.75172414
"1652","10/07/2011",0.089655172,14.53103448
"1653","11/07/2011",0.2,10.24137931
"1654","12/07/2011",8.655172414,16.77586207
"1655","13/07/2011",0,18.14137931
"1656","14/07/2011",0.110344828,19.5862069
"1657","15/07/2011",16.83448276,15.51034483
"1658","16/07/2011",7.862068966,16.23103448
"1659","17/07/2011",0.310344828,16.50689655
"1660","18/07/2011",0,17.02068966
"1661","19/07/2011",0,17.09655172
"1662","20/07/2011",6.179310345,14.13448276
"1663","21/07/2011",11.00689655,16.28275862
"1664","22/07/2011",0.2,15.95517241
"1665","23/07/2011",5.24137931,16.33448276
"1666","24/07/2011",0,19.0862069
"1667","25/07/2011",0,14.77586207
"1668","26/07/2011",23.82068966,17.46551724
"1669","27/07/2011",0.620689655,18.95517241
"1670","28/07/2011",9.75862069,16.91724138
"1671","29/07/2011",24.37241379,14.50689655
"1672","30/07/2011",19.40689655,17.66206897
"1673","31/07/2011",7.903448276,14.6862069
"1674","1/08/2011",8.234482759,17.87586207
"1675","2/08/2011",11.49655172,16.87241379
"1676","3/08/2011",22.67586207,12.90689655
"1677","4/08/2011",11.36551724,14.33103448
"1678","5/08/2011",0.420689655,14.67586207
"1679","6/08/2011",0,16.41034483
"1680","7/08/2011",0.710344828,19.04137931
"1681","8/08/2011",0.779310345,15.82068966
"1682","9/08/2011",7.772413793,15.22758621
"1683","10/08/2011",0.110344828,17.04137931
"1684","11/08/2011",0,18.36206897
"1685","12/08/2011",0,19.32068966
"1686","13/08/2011",0,19.98965517
"1687","14/08/2011",23.96551724,15.23103448
"1688","15/08/2011",0.84137931,17.06551724
"1689","16/08/2011",28.15862069,13.82068966
"1690","17/08/2011",1.572413793,16.39655172
"1691","18/08/2011",0.275862069,18.18965517
"1692","19/08/2011",0,20.63103448
"1693","20/08/2011",0,20.76896552
"1694","21/08/2011",8.351724138,23.36551724
"1695","22/08/2011",19.97931034,15.28965517
"1696","23/08/2011",2.193103448,19.01724138
"1697","24/08/2011",10.71034483,14.56206897
"1698","25/08/2011",1.4,13.85517241
"1699","26/08/2011",0.2,16.2862069
"1700","27/08/2011",0.089655172,17.49310345
"1701","28/08/2011",3.04137931,18.48965517
"1702","29/08/2011",0.2,20.45517241
"1703","30/08/2011",0,19.37241379
"1704","31/08/2011",0.089655172,20.08275862
"1705","1/09/2011",0,19.95172414
"1706","2/09/2011",12.03448276,13.63103448
"1707","3/09/2011",5.6,15.71724138
"1708","4/09/2011",7.344827586,16.96551724
"1709","5/09/2011",5.213793103,15.35517241
"1710","6/09/2011",2,15.5
"1711","7/09/2011",0.751724138,16.54482759
"1712","8/09/2011",0.089655172,18.8
"1713","9/09/2011",0,18.83103448
"1714","10/09/2011",0.089655172,19.76551724
"1715","11/09/2011",0,22.94482759
"1716","12/09/2011",0.089655172,22.23448276
"1717","13/09/2011",3.827586207,16.63448276
"1718","14/09/2011",0.537931034,19.31034483
"1719","15/09/2011",2.613793103,19.32413793
"1720","16/09/2011",2.448275862,18.13793103
"1721","17/09/2011",5.544827586,17.64137931
"1722","18/09/2011",20.46896552,14.09655172
"1723","19/09/2011",12.04137931,17.46206897
"1724","20/09/2011",0.862068966,20.36551724
"1725","21/09/2011",7.868965517,15.86206897
"1726","22/09/2011",5.35862069,13.49310345
"1727","23/09/2011",1.703448276,17.83103448
"1728","24/09/2011",0,20.11034483
"1729","25/09/2011",0,20.13448276
"1730","26/09/2011",5.372413793,14.44482759
"1731","27/09/2011",10.23448276,12.32068966
"1732","28/09/2011",5.655172414,17
"1733","29/09/2011",0,18.04482759
"1734","30/09/2011",0,21.01724138
"1735","1/10/2011",0.089655172,24.05517241
"1736","2/10/2011",0.64137931,16.61034483
"1737","3/10/2011",15.3862069,18.13448276
"1738","4/10/2011",1.903448276,17.67586207
"1739","5/10/2011",0,19.45517241
"1740","6/10/2011",0.089655172,20.96896552
"1741","7/10/2011",0,22
"1742","8/10/2011",12.75862069,14.54827586
"1743","9/10/2011",14.94482759,18.0862069
"1744","10/10/2011",0.268965517,21.96551724
"1745","11/10/2011",0,22.9137931
"1746","12/10/2011",0,20.84827586
"1747","13/10/2011",4.496551724,17.56896552
"1748","14/10/2011",0.310344828,19.55172414
"1749","15/10/2011",0.331034483,22.38965517
"1750","16/10/2011",0.055172414,30.08965517
"1751","17/10/2011",0.331034483,20.49310345
"1752","18/10/2011",6.834482759,15.7137931
"1753","19/10/2011",4.496551724,17.98965517
"1754","20/10/2011",0,21.27586207
"1755","21/10/2011",0,25.73793103
"1756","22/10/2011",0,24.04482759
"1757","23/10/2011",5.64137931,16.3137931
"1758","24/10/2011",14.04137931,15.82413793
"1759","25/10/2011",0.144827586,19.0862069
"1760","26/10/2011",0.089655172,22.2
"1761","27/10/2011",1.020689655,19.74482759
"1762","28/10/2011",3.703448276,16.61724138
"1763","29/10/2011",0.2,20.93448276
"1764","30/10/2011",0,23.46551724
"1765","31/10/2011",0,25.36551724
"1766","1/11/2011",0,26.62068966
"1767","2/11/2011",0,30.4
"1768","3/11/2011",3.572413793,25.93793103
"1769","4/11/2011",3.4,19.37586207
"1770","5/11/2011",3.468965517,20.54827586
"1771","6/11/2011",0,22.23448276
"1772","7/11/2011",4.55862069,21.08965517
"1773","8/11/2011",18.80689655,16.5137931
"1774","9/11/2011",10.37931034,19.6862069
"1775","10/11/2011",0.496551724,20.6
"1776","11/11/2011",1.620689655,21.25862069
"1777","12/11/2011",0,21.42758621
"1778","13/11/2011",0,19.62068966
"1779","14/11/2011",2.55862069,19.8
"1780","15/11/2011",1.268965517,20.96896552
"1781","16/11/2011",0,23.77241379
"1782","17/11/2011",5.848275862,18.14827586
"1783","18/11/2011",6.324137931,19.35862069
"1784","19/11/2011",0.751724138,20.67931034
"1785","20/11/2011",0.220689655,22.21724138
"1786","21/11/2011",0,22.45517241
"1787","22/11/2011",0,27.16896552
"1788","23/11/2011",0,33.22413793
"1789","24/11/2011",0,34.0137931
"1790","25/11/2011",0,22.93793103
"1791","26/11/2011",0.165517241,19.37586207
"1792","27/11/2011",0,20.24482759
"1793","28/11/2011",0,19
"1794","29/11/2011",4.593103448,17.93448276
"1795","30/11/2011",0.089655172,23.45517241
"1796","1/12/2011",0,27.98965517
"1797","2/12/2011",0,28.92068966
"1798","3/12/2011",0,31.74482759
"1799","4/12/2011",0,34.44827586
"1800","5/12/2011",0,31.26896552
"1801","6/12/2011",0,23.73103448
"1802","7/12/2011",5.282758621,20.08965517
"1803","8/12/2011",0.84137931,20.53103448
"1804","9/12/2011",1.227586207,22.35517241
"1805","10/12/2011",0,24.85862069
"1806","11/12/2011",0,27.07586207
"1807","12/12/2011",0,21.67241379
"1808","13/12/2011",1.917241379,19.53103448
"1809","14/12/2011",0.6,23.05172414
"1810","15/12/2011",3.779310345,22.47586207
"1811","16/12/2011",1.331034483,25.22413793
"1812","17/12/2011",0.089655172,25.18965517
"1813","18/12/2011",0,23.97586207
"1814","19/12/2011",0,21.96896552
"1815","20/12/2011",0,27.66896552
"1816","21/12/2011",0,28.68965517
"1817","22/12/2011",0.055172414,26.67931034
"1818","23/12/2011",0,24.53793103
"1819","24/12/2011",0,25.00689655
"1820","25/12/2011",0,25.22413793
"1821","26/12/2011",0,27.75862069
"1822","27/12/2011",0,31.4
"1823","28/12/2011",0,35.12413793
"1824","29/12/2011",0,38.55862069
"1825","30/12/2011",0,22.80344828
"1826","31/12/2011",4.786206897,22.67931034
"1827","1/01/2012",3.110344828,18.5862069
"1828","2/01/2012",0.220689655,21.90689655
"1829","3/01/2012",0,23.27931034
"1830","4/01/2012",0,24.02413793
"1831","5/01/2012",0.8,29.12068966
"1832","6/01/2012",1.662068966,21.10344828
"1833","7/01/2012",3.344827586,20.5137931
"1834","8/01/2012",0,19.22413793
"1835","9/01/2012",0,23.64827586
"1836","10/01/2012",0,29.26896552
"1837","11/01/2012",0,33.08965517
"1838","12/01/2012",0,33.98965517
"1839","13/01/2012",0,34.37931034
"1840","14/01/2012",0,34.42413793
"1841","15/01/2012",0,30.80689655
"1842","16/01/2012",0.255172414,21.64827586
"1843","17/01/2012",0,25.85862069
"1844","18/01/2012",0,32.25862069
"1845","19/01/2012",0,34.95862069
"1846","20/01/2012",1.793103448,35.91034483
"1847","21/01/2012",0,36.57241379
"1848","22/01/2012",0,26.32413793
"1849","23/01/2012",0,26.44482759
"1850","24/01/2012",0,32.29310345
"1851","25/01/2012",0,37.92413793
"1852","26/01/2012",0,39.3
"1853","27/01/2012",0,39.04827586
"1854","28/01/2012",3.027586207,36.63793103
"1855","29/01/2012",0.4,22.7137931
"1856","30/01/2012",0,25.48965517
"1857","31/01/2012",0,30.86896552
"1858","1/02/2012",0,36.44482759
"1859","2/02/2012",5.662068966,22.09655172
"1860","3/02/2012",2.179310345,18.65172414
"1861","4/02/2012",0.2,19.94482759
"1862","5/02/2012",0.089655172,18.73103448
"1863","6/02/2012",0,25.19310345
"1864","7/02/2012",0,25.90344828
"1865","8/02/2012",0,28.94827586
"1866","9/02/2012",0,31.23793103
"1867","10/02/2012",0.268965517,34.26896552
"1868","11/02/2012",0,29.73448276
"1869","12/02/2012",0,22.17241379
"1870","13/02/2012",0,29.17241379
"1871","14/02/2012",0,29.87241379
"1872","15/02/2012",0,29.62758621
"1873","16/02/2012",0,27.92413793
"1874","17/02/2012",0.055172414,25.75862069
"1875","18/02/2012",0.268965517,27.66896552
"1876","19/02/2012",0,28.60344828
"1877","20/02/2012",0,31.57586207
"1878","21/02/2012",0,34.48275862
"1879","22/02/2012",0,29.95862069
"1880","23/02/2012",0,31.44137931
"1881","24/02/2012",0.84137931,24.66896552
"1882","25/02/2012",0,23.92758621
"1883","26/02/2012",3.75862069,20.71034483
"1884","27/02/2012",0.731034483,24.35862069
"1885","28/02/2012",0,25.44482759
"1886","29/02/2012",0,26.86551724
"1887","1/03/2012",0,27.68965517
"1888","2/03/2012",0,28.2
"1889","3/03/2012",0,29.7
"1890","4/03/2012",0,32.96896552
"1891","5/03/2012",0,37.32068966
"1892","6/03/2012",0,37.57931034
"1893","7/03/2012",0,25.44827586
"1894","8/03/2012",0,26.06896552
"1895","9/03/2012",0,32.42068966
"1896","10/03/2012",0,32.98275862
"1897","11/03/2012",0,36.03793103
"1898","12/03/2012",0,29.51034483
"1899","13/03/2012",0.434482759,24.57586207
"1900","14/03/2012",0,24.73448276
"1901","15/03/2012",0,24.6
"1902","16/03/2012",0,27.97586207
"1903","17/03/2012",0,32.28965517
"1904","18/03/2012",0,33.84482759
"1905","19/03/2012",0,21.48965517
"1906","20/03/2012",0.089655172,20.93793103
"1907","21/03/2012",0.165517241,20.04137931
"1908","22/03/2012",0,23.35517241
"1909","23/03/2012",0,25.42068966
"1910","24/03/2012",0,26.65517241
"1911","25/03/2012",0,26.47241379
"1912","26/03/2012",0.44137931,24.83793103
"1913","27/03/2012",0,24.37931034
"1914","28/03/2012",0,24.57931034
"1915","29/03/2012",0,28.93793103
"1916","30/03/2012",0.4,19.25172414
"1917","31/03/2012",0.751724138,21.97931034
"1918","1/04/2012",0,24.22413793
"1919","2/04/2012",4.082758621,23.62758621
"1920","3/04/2012",0.434482759,25.36896552
"1921","4/04/2012",1.303448276,21.27241379
"1922","5/04/2012",10.93103448,16.82413793
"1923","6/04/2012",0.144827586,19.50689655
"1924","7/04/2012",0,24.46896552
"1925","8/04/2012",0,28.64482759
"1926","9/04/2012",0,29.99655172
"1927","10/04/2012",0,32.14482759
"1928","11/04/2012",0,29.90344828
"1929","12/04/2012",0,25.16551724
"1930","13/04/2012",0,23.14482759
"1931","14/04/2012",0.510344828,22.66896552
"1932","15/04/2012",0,24.22413793
"1933","16/04/2012",0.2,23.39655172
"1934","17/04/2012",0.386206897,23.87586207
"1935","18/04/2012",0.531034483,17.76551724
"1936","19/04/2012",4.855172414,17.13103448
"1937","20/04/2012",1.620689655,17.22068966
"1938","21/04/2012",1.055172414,17.37586207
"1939","22/04/2012",5.068965517,17.29655172
"1940","23/04/2012",0.220689655,18.92413793
"1941","24/04/2012",0,21.68965517
"1942","25/04/2012",0,26.1137931
"1943","26/04/2012",0,26.98275862
"1944","27/04/2012",0,19.61034483
"1945","28/04/2012",2.289655172,19.65517241
"1946","29/04/2012",1.44137931,21.25172414
"1947","30/04/2012",15.50344828,19.22068966
"1948","1/05/2012",1.703448276,19.06551724
"1949","2/05/2012",0.089655172,23
"1950","3/05/2012",0,24.3137931
"1951","4/05/2012",0.972413793,18.43103448
"1952","5/05/2012",6.365517241,22.02413793
"1953","6/05/2012",5.35862069,16.37586207
"1954","7/05/2012",1.048275862,18.31034483
"1955","8/05/2012",22.26206897,17.03448276
"1956","9/05/2012",1.524137931,18.35172414
"1957","10/05/2012",8.544827586,18.13448276
"1958","11/05/2012",0.110344828,19.64482759
"1959","12/05/2012",0,22.78965517
"1960","13/05/2012",0,18.02068966
"1961","14/05/2012",2.151724138,19.62068966
"1962","15/05/2012",1.682758621,17.59655172
"1963","16/05/2012",0.524137931,21.14827586
"1964","17/05/2012",0.586206897,19.03448276
"1965","18/05/2012",1.544827586,18.77586207
"1966","19/05/2012",0.289655172,21.86551724
"1967","20/05/2012",0,19.45517241
"1968","21/05/2012",0.64137931,18.31034483
"1969","22/05/2012",0.289655172,18.73448276
"1970","23/05/2012",0.179310345,16.84137931
"1971","24/05/2012",0.089655172,18.77931034
"1972","25/05/2012",0.089655172,20.02068966
"1973","26/05/2012",0,20.74137931
"1974","27/05/2012",0.089655172,22.3
"1975","28/05/2012",0.220689655,21.68965517
"1976","29/05/2012",0,21.1
"1977","30/05/2012",0,22.43448276
"1978","31/05/2012",19.83448276,14.38965517
"1979","1/06/2012",21.17931034,15.11034483
"1980","2/06/2012",1.931034483,19.30689655
"1981","3/06/2012",0,20.83103448
"1982","4/06/2012",0,20.03448276
"1983","5/06/2012",0,19.3137931
"1984","6/06/2012",0,16.57586207
"1985","7/06/2012",3.117241379,15.5862069
"1986","8/06/2012",1.689655172,20.33103448
"1987","9/06/2012",2.717241379,20.55172414
"1988","10/06/2012",0,15.63448276
"1989","11/06/2012",24.35172414,13.0862069
"1990","12/06/2012",7.765517241,15.04137931
"1991","13/06/2012",36,12.09655172
"1992","14/06/2012",3.282758621,12.04137931
"1993","15/06/2012",12.57241379,17.12068966
"1994","16/06/2012",1.882758621,17.97586207
"1995","17/06/2012",0.220689655,19.03103448
"1996","18/06/2012",0.613793103,19.44137931
"1997","19/06/2012",9.503448276,14.91034483
"1998","20/06/2012",9.531034483,10.84482759
"1999","21/06/2012",10.73103448,13.07586207
"2000","22/06/2012",1.04137931,14.82068966
"2001","23/06/2012",0.055172414,16.69655172
"2002","24/06/2012",0.089655172,17.09655172
"2003","25/06/2012",0,14.37586207
"2004","26/06/2012",0.44137931,17.74137931
"2005","27/06/2012",5.737931034,14.31034483
"2006","28/06/2012",5.689655172,15.04482759
"2007","29/06/2012",2.393103448,16.37586207
"2008","30/06/2012",4.172413793,17.04137931
"2009","1/07/2012",0.510344828,17.92413793
"2010","2/07/2012",0,19.33103448
"2011","3/07/2012",0,19.24137931
"2012","4/07/2012",0,19.13103448
"2013","5/07/2012",0,19.92068966
"2014","6/07/2012",3.344827586,17.52068966
"2015","7/07/2012",6.234482759,13.51034483
"2016","8/07/2012",3.786206897,12.37586207
"2017","9/07/2012",0.220689655,14.46551724
"2018","10/07/2012",0.089655172,12.20344828
"2019","11/07/2012",3.034482759,12.72068966
"2020","12/07/2012",0.44137931,13.43103448
"2021","13/07/2012",7.779310345,14.92068966
"2022","14/07/2012",0.772413793,16.04137931
"2023","15/07/2012",0.475862069,17.27241379
"2024","16/07/2012",10.33793103,14.99655172
"2025","17/07/2012",1.84137931,13.10689655
"2026","18/07/2012",2.137931034,13.15172414
"2027","19/07/2012",0.055172414,15.82068966
"2028","20/07/2012",0.531034483,18.59655172
"2029","21/07/2012",0.2,19.96551724
"2030","22/07/2012",0,18.12758621
"2031","23/07/2012",2.855172414,12.12413793
"2032","24/07/2012",15.04137931,11.35172414
"2033","25/07/2012",1.2,15.03103448
"2034","26/07/2012",3.827586207,14.86551724
"2035","27/07/2012",1.179310345,15.22068966
"2036","28/07/2012",0.84137931,17.17586207
"2037","29/07/2012",0.089655172,16.5137931
"2038","30/07/2012",0.165517241,20.45517241
"2039","31/07/2012",0,18.24137931
"2040","1/08/2012",9.275862069,14.17586207
"2041","2/08/2012",1.4,15.81724138
"2042","3/08/2012",11.86896552,15.35517241
"2043","4/08/2012",4.696551724,15.46551724
"2044","5/08/2012",0.144827586,16.85172414
"2045","6/08/2012",0.179310345,18.64482759
"2046","7/08/2012",11.32413793,14.2862069
"2047","8/08/2012",3.875862069,15.1862069
"2048","9/08/2012",0.710344828,17.14137931
"2049","10/08/2012",0,20.13448276
"2050","11/08/2012",0,21
"2051","12/08/2012",16.93103448,15.96206897
"2052","13/08/2012",21.02758621,13.53103448
"2053","14/08/2012",1.4,14.65517241
"2054","15/08/2012",8.344827586,14.86896552
"2055","16/08/2012",0.551724138,14.31034483
"2056","17/08/2012",0,16.85517241
"2057","18/08/2012",0,20.25517241
"2058","19/08/2012",0,18.4137931
"2059","20/08/2012",3.862068966,14.62068966
"2060","21/08/2012",7.096551724,17.31034483
"2061","22/08/2012",14.19310345,12.17586207
"2062","23/08/2012",5.172413793,14.55517241
"2063","24/08/2012",2.551724138,17.66551724
"2064","25/08/2012",0.089655172,19.62068966
"2065","26/08/2012",0,19.68965517
"2066","27/08/2012",4.95862069,16.51034483
"2067","28/08/2012",1.572413793,17.04827586
"2068","29/08/2012",3.468965517,16.05172414
"2069","30/08/2012",0.813793103,19.8
"2070","31/08/2012",0,18.8
"2071","1/09/2012",11.43448276,18.09655172
"2072","2/09/2012",0.84137931,18.6862069
"2073","3/09/2012",3.303448276,17.15172414
"2074","4/09/2012",26.13793103,12.06206897
"2075","5/09/2012",14.07586207,15.14137931
"2076","6/09/2012",7.372413793,14.3
"2077","7/09/2012",0.110344828,17.8
"2078","8/09/2012",0,22.46551724
"2079","9/09/2012",0,25.18275862
"2080","10/09/2012",0,20.72413793
"2081","11/09/2012",2.331034483,17.24827586
"2082","12/09/2012",1.793103448,16.54827586
"2083","13/09/2012",0,18.54827586
"2084","14/09/2012",0,20.62413793
"2085","15/09/2012",0,21.84827586
"2086","16/09/2012",0.089655172,22.94482759
"2087","17/09/2012",0,24.48965517
"2088","18/09/2012",3.931034483,18.37931034
"2089","19/09/2012",4.234482759,18.97586207
"2090","20/09/2012",1.4,18.31034483
"2091","21/09/2012",5.351724138,19.14137931
"2092","22/09/2012",20.26206897,13.76551724
"2093","23/09/2012",0.531034483,17.17241379
"2094","24/09/2012",0.089655172,19.0862069
"2095","25/09/2012",6.668965517,15.17586207
"2096","26/09/2012",9.262068966,15.80344828
"2097","27/09/2012",21.94482759,11.46896552
"2098","28/09/2012",10.66206897,14.15172414
"2099","29/09/2012",0.089655172,17.85517241
"2100","30/09/2012",0,23.86551724
"2101","1/10/2012",0.089655172,30.5
"2102","2/10/2012",0,26.3
"2103","3/10/2012",5.786206897,17.46551724
"2104","4/10/2012",0.972413793,17.05862069
"2105","5/10/2012",0.344827586,18.14482759
"2106","6/10/2012",0.44137931,23.2
"2107","7/10/2012",0,20.38275862
"2108","8/10/2012",0,19.29655172
"2109","9/10/2012",0.110344828,20.23448276
"2110","10/10/2012",0.089655172,23.35517241
"2111","11/10/2012",0,26.58275862
"2112","12/10/2012",0,23.31034483
"2113","13/10/2012",0.089655172,18.12413793
"2114","14/10/2012",14.70344828,17.31034483
"2115","15/10/2012",0.531034483,19.37931034
"2116","16/10/2012",0.110344828,19.31034483
"2117","17/10/2012",0,20.92758621
"2118","18/10/2012",0,22.22068966
"2119","19/10/2012",1.793103448,18.22413793
"2120","20/10/2012",1.151724138,23.55517241
"2121","21/10/2012",0,27.6137931
"2122","22/10/2012",6.95862069,18.98275862
"2123","23/10/2012",9.917241379,17.77931034
"2124","24/10/2012",0.489655172,17.54482759
"2125","25/10/2012",0,20.31034483
"2126","26/10/2012",0,23.54482759
"2127","27/10/2012",0,28.3137931
"2128","28/10/2012",0,29.44482759
"2129","29/10/2012",0,20.66206897
"2130","30/10/2012",2.062068966,17.35862069
"2131","31/10/2012",0.089655172,18.73103448
"2132","1/11/2012",0,17.27241379
"2133","2/11/2012",0.089655172,19.55517241
"2134","3/11/2012",1.668965517,21.03793103
"2135","4/11/2012",4.84137931,16.10344828
"2136","5/11/2012",19.84827586,15.87586207
"2137","6/11/2012",3.717241379,19.42413793
"2138","7/11/2012",2.903448276,19.34827586
"2139","8/11/2012",0.089655172,22.32413793
"2140","9/11/2012",0,26.39655172
"2141","10/11/2012",0.331034483,18.14137931
"2142","11/11/2012",5.993103448,17.91034483
"2143","12/11/2012",0,22.2137931
"2144","13/11/2012",0,23.51724138
"2145","14/11/2012",0,21.85517241
"2146","15/11/2012",0,24.70689655
"2147","16/11/2012",0,25.69655172
"2148","17/11/2012",0,30.02758621
"2149","18/11/2012",0,23.68275862
"2150","19/11/2012",0.35862069,22.13793103
"2151","20/11/2012",0,21.96206897
"2152","21/11/2012",0,29.07241379
"2153","22/11/2012",0,29.27241379
"2154","23/11/2012",0,20.03793103
"2155","24/11/2012",0.44137931,23.09310345
"2156","25/11/2012",0,25.02413793
"2157","26/11/2012",0,27.99310345
"2158","27/11/2012",0,27.86896552
"2159","28/11/2012",5.710344828,19.97931034
"2160","29/11/2012",28.55862069,13.4862069
"2161","30/11/2012",19.56551724,16.34482759
"2162","1/12/2012",2.344827586,21.17241379
"2163","2/12/2012",0,23.76896552
"2164","3/12/2012",0,26.67931034
"2165","4/12/2012",0,32.90344828
"2166","5/12/2012",0.234482759,27.47931034
"2167","6/12/2012",0.993103448,24.64482759
"2168","7/12/2012",4.737931034,18.82413793
"2169","8/12/2012",1.751724138,21.24482759
"2170","9/12/2012",0,29.79655172
"2171","10/12/2012",0,31.74482759
"2172","11/12/2012",1.613793103,23.22413793
"2173","12/12/2012",12.33793103,18.84482759
"2174","13/12/2012",5.331034483,19.74482759
"2175","14/12/2012",0.820689655,22.29655172
"2176","15/12/2012",1.84137931,23.71724138
"2177","16/12/2012",0.220689655,26.81724138
"2178","17/12/2012",0,25.95172414
"2179","18/12/2012",3.786206897,21.94827586
"2180","19/12/2012",0.089655172,23.12758621
"2181","20/12/2012",0,29.37586207
"2182","21/12/2012",0,25.98965517
"2183","22/12/2012",0,23.76896552
"2184","23/12/2012",0.331034483,23.85517241
"2185","24/12/2012",0,29.17241379
"2186","25/12/2012",0,34.76206897
"2187","26/12/2012",0,25.07241379
"2188","27/12/2012",0,34.43448276
"2189","28/12/2012",0,36.93448276
"2190","29/12/2012",3.344827586,34.87241379
"2191","30/12/2012",0,39.99310345
"2192","31/12/2012",0,39.95862069
"2193","1/01/2013",0,34.09310345
"2194","2/01/2013",1.089655172,27.23103448
"2195","3/01/2013",0.951724138,24.48275862
"2196","4/01/2013",0.84137931,23.43793103
"2197","5/01/2013",0,33.63103448
"2198","6/01/2013",0,30.07241379
"2199","7/01/2013",0,35.72758621
"2200","8/01/2013",0.089655172,40.54827586
"2201","9/01/2013",0,25.65172414
"2202","10/01/2013",0,22.85862069
"2203","11/01/2013",0.110344828,22.66896552
"2204","12/01/2013",0,25.39655172
"2205","13/01/2013",0,30.41034483
"2206","14/01/2013",0,31.07931034
"2207","15/01/2013",9.84137931,35.26896552
"2208","16/01/2013",0.089655172,25.71724138
"2209","17/01/2013",2.813793103,19.69310345
"2210","18/01/2013",0.055172414,22.31034483
"2211","19/01/2013",0,28.53793103
"2212","20/01/2013",0,29.71034483
"2213","21/01/2013",0,24.43793103
"2214","22/01/2013",0,30.66206897
"2215","23/01/2013",0,25.1862069
"2216","24/01/2013",0.951724138,22.45862069
"2217","25/01/2013",0,26.2137931
"2218","26/01/2013",0,29.31724138
"2219","27/01/2013",0.489655172,25.95517241
"2220","28/01/2013",0,27.07241379
"2221","29/01/2013",0,28.49310345
"2222","30/01/2013",0.6,26.02758621
"2223","31/01/2013",0.089655172,28.62413793
"2224","1/02/2013",0,32.12758621
"2225","2/02/2013",0,35.16206897
"2226","3/02/2013",0,37.35862069
"2227","4/02/2013",0,28.36551724
"2228","5/02/2013",0,26.50344828
"2229","6/02/2013",0,24.11724138
"2230","7/02/2013",0,25.62758621
"2231","8/02/2013",0,27.89655172
"2232","9/02/2013",0,31.6862069
"2233","10/02/2013",0,33.88965517
"2234","11/02/2013",0,35.93103448
"2235","12/02/2013",0,39.31034483
"2236","13/02/2013",0,39.5862069
"2237","14/02/2013",0,26.4
"2238","15/02/2013",0,28.65862069
"2239","16/02/2013",0,31.77586207
"2240","17/02/2013",0,21.46896552
"2241","18/02/2013",0.84137931,22.13448276
"2242","19/02/2013",0,29.03448276
"2243","20/02/2013",0,34.84827586
"2244","21/02/2013",0.220689655,31.42758621
"2245","22/02/2013",6.889655172,27.22758621
"2246","23/02/2013",1.413793103,21.66896552
"2247","24/02/2013",0.220689655,23.14827586
"2248","25/02/2013",0.662068966,29.13103448
"2249","26/02/2013",0,28.50689655
"2250","27/02/2013",0,30.3
"2251","28/02/2013",0,31.38965517
"2252","1/03/2013",0,32.13448276
"2253","2/03/2013",0,28.35862069
"2254","3/03/2013",0,30.95517241
"2255","4/03/2013",1.420689655,25.63448276
"2256","5/03/2013",0.2,24.71034483
"2257","6/03/2013",0.420689655,24.53793103
"2258","7/03/2013",0,26.89655172
"2259","8/03/2013",0,27.95862069
"2260","9/03/2013",0,27.86551724
"2261","10/03/2013",1.089655172,22.73448276
"2262","11/03/2013",6.717241379,17.82068966
"2263","12/03/2013",1.227586207,18.63103448
"2264","13/03/2013",0,23.48965517
"2265","14/03/2013",0,17.43103448
"2266","15/03/2013",4.234482759,18.86206897
"2267","16/03/2013",0.2,20.41034483
"2268","17/03/2013",0.793103448,23.71724138
"2269","18/03/2013",0,25.6862069
"2270","19/03/2013",0.089655172,24.66896552
"2271","20/03/2013",0.275862069,21.26896552
"2272","21/03/2013",0.510344828,18.89310345
"2273","22/03/2013",0.331034483,21.36551724
"2274","23/03/2013",0.4,23.13448276
"2275","24/03/2013",0,22.8137931
"2276","25/03/2013",0.110344828,21.08965517
"2277","26/03/2013",11.96551724,17.2
"2278","27/03/2013",3.517241379,20.07931034
"2279","28/03/2013",0.089655172,19.66551724
"2280","29/03/2013",0.386206897,22.28965517
"2281","30/03/2013",0,21.9
"2282","31/03/2013",0,26.2
"2283","1/04/2013",0.089655172,29.42413793
"2284","2/04/2013",0.089655172,30.44137931
"2285","3/04/2013",0,33
"2286","4/04/2013",0,32.6
"2287","5/04/2013",0.220689655,26.65172414
"2288","6/04/2013",0,22.61034483
"2289","7/04/2013",0,24.72413793
"2290","8/04/2013",0,33.90344828
"2291","9/04/2013",0.531034483,26.70344828
"2292","10/04/2013",0.234482759,23.37241379
"2293","11/04/2013",0,25.76896552
"2294","12/04/2013",8.813793103,18.7862069
"2295","13/04/2013",9.565517241,19.09655172
"2296","14/04/2013",0.110344828,23.38965517
"2297","15/04/2013",0.089655172,23.48965517
"2298","16/04/2013",0,23.96551724
"2299","17/04/2013",0,22.74827586
"2300","18/04/2013",0.144827586,24.23103448
"2301","19/04/2013",10.54482759,23.74827586
"2302","20/04/2013",2.855172414,17.55172414
"2303","21/04/2013",1.434482759,19.46551724
"2304","22/04/2013",6.724137931,19.7862069
"2305","23/04/2013",0.731034483,20.49655172
"2306","24/04/2013",0.055172414,23.05517241
"2307","25/04/2013",0.089655172,24.9
"2308","26/04/2013",0.110344828,21.7137931
"2309","27/04/2013",2.386206897,16.95172414
"2310","28/04/2013",0.620689655,18.1137931
"2311","29/04/2013",0.089655172,17.68965517
"2312","30/04/2013",0,22.67931034
"2313","1/05/2013",0.289655172,20.14137931
"2314","2/05/2013",44.35172414,19.20689655
"2315","3/05/2013",14.11034483,19.19655172
"2316","4/05/2013",0.75862069,19.90689655
"2317","5/05/2013",0.089655172,20.55517241
"2318","6/05/2013",0,20.47586207
"2319","7/05/2013",0,22.2137931
"2320","8/05/2013",23.8137931,18.84482759
"2321","9/05/2013",23.66206897,16.86206897
"2322","10/05/2013",20.00689655,15.61034483
"2323","11/05/2013",6.144827586,17.5862069
"2324","12/05/2013",2.724137931,18
"2325","13/05/2013",0.179310345,16.96206897
"2326","14/05/2013",0,18.98275862
"2327","15/05/2013",0,19.71034483
"2328","16/05/2013",0,18.93103448
"2329","17/05/2013",22.37931034,17.13103448
"2330","18/05/2013",2.710344828,16.65862069
"2331","19/05/2013",1.027586207,18.23103448
"2332","20/05/2013",0.668965517,18.66551724
"2333","21/05/2013",0,19.65172414
"2334","22/05/2013",0.089655172,20.15172414
"2335","23/05/2013",0,20.97241379
"2336","24/05/2013",0,20.04137931
"2337","25/05/2013",0,20.21034483
"2338","26/05/2013",0,22.03103448
"2339","27/05/2013",0,19.66551724
"2340","28/05/2013",14.86206897,16.84137931
"2341","29/05/2013",0.110344828,17.23103448
"2342","30/05/2013",30.35172414,9.951724138
"2343","31/05/2013",16.86206897,12.96206897
"2344","1/06/2013",0.648275862,13.09655172
"2345","2/06/2013",0,13.86551724
"2346","3/06/2013",0,13.86551724
"2347","4/06/2013",0,17.43448276
"2348","5/06/2013",5.310344828,15.94482759
"2349","6/06/2013",4.717241379,17.99655172
"2350","7/06/2013",0.951724138,16.55517241
"2351","8/06/2013",0.710344828,17.03103448
"2352","9/06/2013",6.993103448,18.82413793
"2353","10/06/2013",3.310344828,17.3
"2354","11/06/2013",0,16.57586207
"2355","12/06/2013",0.089655172,16.30689655
"2356","13/06/2013",0.2,17.17586207
"2357","14/06/2013",0,18.13103448
"2358","15/06/2013",0,16.83103448
"2359","16/06/2013",0,16.72413793
"2360","17/06/2013",6.510344828,15.42068966
"2361","18/06/2013",3.496551724,14.66551724
"2362","19/06/2013",10.22758621,15.87586207
"2363","20/06/2013",1.751724138,16.9862069
"2364","21/06/2013",0,17.50689655
"2365","22/06/2013",0.055172414,18.60344828
"2366","23/06/2013",0.731034483,16.06206897
"2367","24/06/2013",18.33793103,18.4862069
"2368","25/06/2013",6.048275862,15.92068966
"2369","26/06/2013",1.731034483,16.83448276
"2370","27/06/2013",3.317241379,17.48965517
"2371","28/06/2013",3.675862069,18.83103448
"2372","29/06/2013",1.448275862,18.19655172
"2373","30/06/2013",1.510344828,19.19655172
"2374","1/07/2013",0.2,20.25862069
"2375","2/07/2013",0.110344828,18.9862069
"2376","3/07/2013",8.668965517,13.16551724
"2377","4/07/2013",5.668965517,13.44137931
"2378","5/07/2013",2.586206897,14.1
"2379","6/07/2013",0.6,12.7
"2380","7/07/2013",0.2,14.70689655
"2381","8/07/2013",5.627586207,15.35517241
"2382","9/07/2013",0.44137931,13.36551724
"2383","10/07/2013",12.53103448,14.73103448
"2384","11/07/2013",1.179310345,15.71724138
"2385","12/07/2013",0.089655172,16.82068966
"2386","13/07/2013",0.289655172,16.64137931
"2387","14/07/2013",5.517241379,19.42068966
"2388","15/07/2013",7.820689655,16.67586207
"2389","16/07/2013",16.6,13.53793103
"2390","17/07/2013",26.50344828,10.53793103
"2391","18/07/2013",1.64137931,14.67931034
"2392","19/07/2013",2.820689655,12.1862069
"2393","20/07/2013",0.144827586,13.34827586
"2394","21/07/2013",0,11.17586207
"2395","22/07/2013",0,15.46551724
"2396","23/07/2013",0,18.4862069
"2397","24/07/2013",21.35172414,15.71724138
"2398","25/07/2013",1.2,15.23448276
"2399","26/07/2013",8.751724138,14.37931034
"2400","27/07/2013",12.15172414,15.21034483
"2401","28/07/2013",2.903448276,16.05517241
"2402","29/07/2013",8.04137931,17.26551724
"2403","30/07/2013",0.310344828,18.62068966
"2404","31/07/2013",1.944827586,16.81724138
"2405","1/08/2013",5.951724138,17.71034483
"2406","2/08/2013",0.089655172,15.94137931
"2407","3/08/2013",0.4,16.59655172
"2408","4/08/2013",0,18.1862069
"2409","5/08/2013",6.331034483,16.56896552
"2410","6/08/2013",19.20689655,16.32068966
"2411","7/08/2013",21.42068966,18.4862069
"2412","8/08/2013",16.62068966,15.7
"2413","9/08/2013",4.303448276,16.54482759
"2414","10/08/2013",0.289655172,18.00689655
"2415","11/08/2013",12.05517241,14.4
"2416","12/08/2013",7.620689655,15.95517241
"2417","13/08/2013",10.36551724,14.8862069
"2418","14/08/2013",1.751724138,15.04137931
"2419","15/08/2013",6.131034483,11.95517241
"2420","16/08/2013",24.4137931,14.06551724
"2421","17/08/2013",5.220689655,15.27586207
"2422","18/08/2013",4.393103448,15.55172414
"2423","19/08/2013",0.55862069,17.62758621
"2424","20/08/2013",1.937931034,16.01724138
"2425","21/08/2013",1.331034483,17.26551724
"2426","22/08/2013",0.620689655,17.1862069
"2427","23/08/2013",0,19.17931034
"2428","24/08/2013",0,21.14827586
"2429","25/08/2013",1.04137931,14.28965517
"2430","26/08/2013",6.662068966,14.76551724
"2431","27/08/2013",4.744827586,12.22413793
"2432","28/08/2013",3.048275862,16.23793103
"2433","29/08/2013",1.648275862,17.22068966
"2434","30/08/2013",2.282758621,17.02413793
"2435","31/08/2013",8.882758621,18.54137931
"2436","1/09/2013",1.64137931,20.11034483
"2437","2/09/2013",1.434482759,21.33448276
"2438","3/09/2013",0.110344828,19.54482759
"2439","4/09/2013",13.71034483,15.85172414
"2440","5/09/2013",0.531034483,17.18965517
"2441","6/09/2013",0.2,18.36896552
"2442","7/09/2013",0.089655172,15.59655172
"2443","8/09/2013",2.248275862,17.2862069
"2444","9/09/2013",0.620689655,18.18965517
"2445","10/09/2013",1.924137931,20.17586207
"2446","11/09/2013",9.427586207,14.93103448
"2447","12/09/2013",16.7862069,16.34482759
"2448","13/09/2013",0.689655172,17.95517241
"2449","14/09/2013",10.05517241,14.77241379
"2450","15/09/2013",29.72413793,15.91034483
"2451","16/09/2013",0.089655172,16.14137931
"2452","17/09/2013",24.35862069,13.7
"2453","18/09/2013",2.179310345,16.23103448
"2454","19/09/2013",7.296551724,17.89655172
"2455","20/09/2013",14.46206897,16.08965517
"2456","21/09/2013",2.289655172,18.91724138
"2457","22/09/2013",16.20689655,15.12413793
"2458","23/09/2013",20.96551724,16.2137931
"2459","24/09/2013",12,15.21034483
"2460","25/09/2013",7.344827586,17.24827586
"2461","26/09/2013",1.744827586,16.35862069
"2462","27/09/2013",3.6,16.76896552
"2463","28/09/2013",0.110344828,18.5
"2464","29/09/2013",7.931034483,12.5
"2465","30/09/2013",9.668965517,13.93448276
"2466","1/10/2013",0.35862069,16
"2467","2/10/2013",0.420689655,22.66896552
"2468","3/10/2013",0.089655172,24.32068966
"2469","4/10/2013",1.724137931,19.21724138
"2470","5/10/2013",2.103448276,18.35862069
"2471","6/10/2013",3.744827586,20.59655172
"2472","7/10/2013",1.420689655,20.95517241
"2473","8/10/2013",0.310344828,16.85862069
"2474","9/10/2013",2.020689655,17.23448276
"2475","10/10/2013",0.8,19.07931034
"2476","11/10/2013",0.110344828,15.98965517
"2477","12/10/2013",4.082758621,16.07931034
"2478","13/10/2013",0.2,19.45517241
"2479","14/10/2013",0,22.47241379
"2480","15/10/2013",0.255172414,21.40344828
"2481","16/10/2013",5.144827586,18.18965517
"2482","17/10/2013",0.055172414,21.96896552
"2483","18/10/2013",1.062068966,18.9
"2484","19/10/2013",9.131034483,12.02413793
"2485","20/10/2013",11.35862069,15.96896552
"2486","21/10/2013",0.2,15.66206897
"2487","22/10/2013",0.055172414,19.16896552
"2488","23/10/2013",0,20.75517241
"2489","24/10/2013",0,22.99310345
"2490","25/10/2013",0,25.10689655
"2491","26/10/2013",0,22.45862069
"2492","27/10/2013",0,23.43793103
"2493","28/10/2013",0,25.12413793
"2494","29/10/2013",0,25.67241379
"2495","30/10/2013",0,32.32413793
"2496","31/10/2013",0,23.04827586
"2497","1/11/2013",2.275862069,16.86896552
"2498","2/11/2013",0.2,21.35172414
"2499","3/11/2013",0,25.65862069
"2500","4/11/2013",0,31.67241379
"2501","5/11/2013",0.179310345,20.48965517
"2502","6/11/2013",2.475862069,16.67586207
"2503","7/11/2013",3.55862069,21.29655172
"2504","8/11/2013",0.089655172,24.20344828
"2505","9/11/2013",0,28.10344828
"2506","10/11/2013",0,32.3137931
"2507","11/11/2013",0,25.94482759
"2508","12/11/2013",0,19.40344828
"2509","13/11/2013",0.510344828,20
"2510","14/11/2013",0,20.21034483
"2511","15/11/2013",0,22.03103448
"2512","16/11/2013",0,19.66551724
"2513","17/11/2013",14.86206897,16.84137931
"2514","18/11/2013",0.110344828,17.23103448
"2515","19/11/2013",30.35172414,9.951724138
"2516","20/11/2013",16.86206897,12.96206897
"2517","21/11/2013",0.648275862,13.09655172
"2518","22/11/2013",0,13.86551724
"2519","23/11/2013",0,13.86551724
"2520","24/11/2013",0,17.43448276
"2521","25/11/2013",5.310344828,15.94482759
"2522","26/11/2013",4.717241379,17.99655172
"2523","27/11/2013",0.951724138,16.55517241
"2524","28/11/2013",0.710344828,17.03103448
"2525","29/11/2013",6.993103448,18.82413793
"2526","30/11/2013",3.310344828,17.3
"2527","1/12/2013",0,16.57586207
"2528","2/12/2013",0.089655172,16.30689655
"2529","3/12/2013",0.2,17.17586207
"2530","4/12/2013",0,18.13103448
"2531","5/12/2013",0,16.83103448
"2532","6/12/2013",0,16.72413793
"2533","7/12/2013",6.510344828,15.42068966
"2534","8/12/2013",3.496551724,14.66551724
"2535","9/12/2013",10.22758621,15.87586207
"2536","10/12/2013",1.751724138,16.9862069
"2537","11/12/2013",0,17.50689655
"2538","12/12/2013",0.055172414,18.60344828
"2539","13/12/2013",0.731034483,16.06206897
"2540","14/12/2013",18.33793103,18.4862069
"2541","15/12/2013",6.048275862,15.92068966
"2542","16/12/2013",1.731034483,16.83448276
"2543","17/12/2013",3.317241379,17.48965517
"2544","18/12/2013",3.675862069,18.83103448
"2545","19/12/2013",1.448275862,18.19655172
"2546","20/12/2013",1.510344828,19.19655172
"2547","21/12/2013",0.2,20.25862069
"2548","22/12/2013",0.110344828,18.9862069
"2549","23/12/2013",8.668965517,13.16551724
"2550","24/12/2013",5.668965517,13.44137931
"2551","25/12/2013",2.586206897,14.1
"2552","26/12/2013",0.6,12.7
"2553","27/12/2013",0.2,14.70689655
"2554","28/12/2013",5.627586207,15.35517241
"2555","29/12/2013",0.44137931,13.36551724
"2556","30/12/2013",12.53103448,14.73103448
"2557","31/12/2013",1.179310345,15.71724138
"2558","1/01/2014",0,29.48965517
"2559","2/01/2014",0,28.23448276
"2560","3/01/2014",0.531034483,32.62758621
"2561","4/01/2014",0.710344828,25.21724138
"2562","5/01/2014",0,23.50344828
"2563","6/01/2014",0,27.91034483
"2564","7/01/2014",0,31.80689655
"2565","8/01/2014",0,34.72068966
"2566","9/01/2014",0,24.67931034
"2567","10/01/2014",2.296551724,21.42413793
"2568","11/01/2014",0.931034483,23.3137931
"2569","12/01/2014",0,22.20344828
"2570","13/01/2014",0.220689655,28.76896552
"2571","14/01/2014",0,25.46206897
"2572","15/01/2014",0.220689655,23.19310345
"2573","16/01/2014",0,30.47586207
"2574","17/01/2014",0,35.54827586
"2575","18/01/2014",0,23.48275862
"2576","19/01/2014",0.331034483,22.09310345
"2577","20/01/2014",0.35862069,25.03793103
"2578","21/01/2014",0.4,22.06206897
"2579","22/01/2014",0,28.3137931
"2580","23/01/2014",0,30.80344828
"2581","24/01/2014",0,34.07586207
"2582","25/01/2014",0,31.32758621
"2583","26/01/2014",0,26.94137931
"2584","27/01/2014",0,29.25517241
"2585","28/01/2014",0,28.44137931
"2586","29/01/2014",0,26.30689655
"2587","30/01/2014",0.055172414,22.33793103
"2588","31/01/2014",0,28.88965517
